,Common name,Binomial
0,Common ostrich (South African ostrich),Struthio camelus (S. c. australis)
1,White-faced whistling-duck,Dendrocygna viduata
2,Fulvous whistling-duck,Dendrocygna bicolor
3,White-backed duck,Thalassornis leuconotus
4,Mute swan,Cygnus olor
5,Knob-billed duck,Sarkidiornis melanotos
6,Egyptian goose,Alopochen aegyptiaca
7,South African shelduck,Tadorna cana
8,Spur-winged goose,Plectropterus gambensis
9,African pygmy-goose,Nettapus auritus
10,Garganey,Spatula querquedula
11,Blue-billed teal,Spatula hottentota
12,Cape shoveler,Spatula smithii
13,Northern shoveler,Spatula clypeata
14,African black duck,Anas sparsa
15,Yellow-billed duck,Anas undulata
16,Mallard,Anas platyrhynchos
17,Cape teal,Anas capensis
18,Red-billed duck,Anas erythrorhyncha
19,Northern pintail,Anas acuta
20,Southern pochard,Netta erythrophthalma
21,Maccoa duck,Oxyura maccoa
22,Helmeted guineafowl,Numida meleagris
23,Southern crested guineafowl,Guttera edouardi
24,Indian peafowl,Pavo cristatus
25,Crested francolin,Ortygornis sephaena
26,Coqui francolin,Campocolinus coqui
27,Red-winged francolin,Scleroptila levaillantii
28,Grey-winged francolin,Scleroptila africanus
29,Orange River francolin,Scleroptila gutturalis
30,Shelley's francolin,Scleroptila shelleyi
31,Blue quail,Synoicus adansonii
32,Common quail,Coturnix coturnix
33,Harlequin quail,Coturnix delegorguei
34,Chukar,Alectoris chukar
35,Red-billed francolin,Pternistis adspersus
36,Cape francolin,Pternistis capensis
37,Natal francolin,Pternistis natalensis
38,Swainson's francolin,Pternistis swainsonii
39,Red-necked francolin,Pternistis afer
40,Greater flamingo,Phoenicopterus roseus
41,Lesser flamingo,Phoeniconaias minor
42,Little grebe,Tachybaptus ruficollis
43,Great crested grebe,Podiceps cristatus
44,Eared grebe,Podiceps nigricollis
45,Rock pigeon,Columba livia
46,Speckled pigeon,Columba guinea
47,Rameron pigeon,Columba arquatrix
48,Delegorgue's pigeon,Columba delegorguei
49,Lemon dove,Columba larvata
50,European turtle-dove,Streptopelia turtur
51,Mourning collared-dove,Streptopelia decipiens
52,Red-eyed dove,Streptopelia semitorquata
53,Ring-necked dove,Streptopelia capicola
54,Laughing dove,Streptopelia senegalensis
55,Emerald-spotted wood-dove,Turtur chalcospilos
56,Blue-spotted wood-dove,Turtur afer
57,Tambourine dove,Turtur tympanistria
58,Namaqua dove,Oena capensis
59,African green-pigeon,Treron calvus
60,Namaqua sandgrouse,Pterocles namaqua
61,Yellow-throated sandgrouse,Pterocles gutturalis
62,Double-banded sandgrouse,Pterocles bicinctus
63,Burchell's sandgrouse,Pterocles burchelli
64,Kori bustard,Ardeotis kori
65,Ludwig's bustard,Neotis ludwigii
66,Denham's bustard,Neotis denhami
67,White-bellied bustard,Eupodotis senegalensis
68,Blue bustard,Eupodotis caerulescens
69,Karoo bustard,Eupodotis vigorsii
70,Red-crested bustard,Eupodotis ruficrista
71,Black bustard,Eupodoti afra
72,White-quilled bustard,Eupodoti afraoides
73,Black-bellied bustard,Lissotis melanogaster
74,Livingstone's turaco,Tauraco livingstonii
75,Knysna turaco,Tauraco corythaix
76,Purple-crested turaco,Tauraco porphyreolophus
77,Grey go-away-bird,Corythaixoides concolor
78,Senegal coucal,Centropus senegalensis
79,White-browed coucal,Centropus superciliosus
80,Black coucal,Centropus grillii
81,Green malkoha,Ceuthmochares australis
82,Great spotted cuckoo,Clamator glandarius
83,Levaillant's cuckoo,Clamator levaillantii
84,Pied cuckoo,Clamator jacobinus
85,Thick-billed cuckoo,Pachycoccyx audeberti
86,Dideric cuckoo,Chrysococcyx caprius
87,Klaas's cuckoo,Chrysococcyx klaas
88,African emerald cuckoo,Chrysococcyx cupreus
89,Barred long-tailed cuckoo,Cercococcyx montanus
90,Black cuckoo,Cuculus clamosus
91,Red-chested cuckoo,Cuculus solitarius
92,Lesser cuckoo,Cuculus poliocephalus
93,African cuckoo,Cuculus gularis
94,Madagascar cuckoo,Cuculus rochii
95,Common cuckoo,Cuculus canorus
96,Pennant-winged nightjar,Caprimulgus vexillarius
97,Eurasian nightjar,Caprimulgus europaeus
98,Rufous-cheeked nightjar,Caprimulgus rufigena
99,Fiery-necked nightjar,Caprimulgus pectoralis
100,Swamp nightjar,Caprimulgus natalensis
101,Freckled nightjar,Caprimulgus tristigma
102,Square-tailed nightjar,Caprimulgus fossii
103,Mottled spinetail,Telacanthura ussheri
104,Bat-like spinetail,Neafrapus boehmi
105,Alpine swift,Apus melba
106,Common swift,Apus apus
107,African swift,Apus barbatus
108,Bradfield's swift,Apus bradfieldi
109,Little swift,Apus affinis
110,Horus swift,Apus horus
111,White-rumped swift,Apus caffer
112,African palm-swift,Cypsiurus parvus
113,Buff-spotted flufftail,Sarothrura elegans
114,Red-chested flufftail,Sarothrura rufa
115,Streaky-breasted flufftail,Sarothrura boehmi
116,Striped flufftail,Sarothrura affinis
117,White-winged flufftail,Sarothrura ayresi
118,African rail,Rallus caerulescens
119,Corn crake,Crex crex
120,African crake,Crex egregia
121,Spotted crake,Porzana porzana
122,Lesser moorhen,Paragallinula angulata
123,Eurasian moorhen,Gallinula chloropus
124,Red-knobbed coot,Fulica cristata
125,Allen's gallinule,Porphyrio alleni
126,Purple gallinule,Porphyrio martinica
127,African swamphen,Porphyrio madagascariensis
128,Striped crake,Amaurornis marginalis
129,Black crake,Zapornia flavirostra
130,Little crake,Zapornia parva
131,Baillon's crake,Zapornia pusilla
132,African finfoot,Podica senegalensis
133,Grey crowned-crane,Balearica regulorum
134,Blue crane,Anthropoides paradiseus
135,Wattled crane,Bugeranus carunculatus
136,Snowy sheathbill,Chionis alba
137,Water thick-knee,Burhinus vermiculatus
138,Spotted thick-knee,Burhinus capensis
139,Black-winged stilt,Himantopus himantopus
140,Pied avocet,Recurvirostra avosetta
141,Eurasian oystercatcher,Haematopus ostralegus
142,African oystercatcher,Haematopus moquini
143,Black-bellied plover,Pluvialis squatarola
144,American golden-plover,Pluvialis dominica
145,Pacific golden-plover,Pluvialis fulva
146,Long-toed lapwing,Vanellus crassirostris
147,Blacksmith lapwing,Vanellus armatus
148,Spur-winged lapwing,Vanellus spinosus
149,White-headed lapwing,Vanellus albiceps
150,Senegal lapwing,Vanellus lugubris
151,Black-winged lapwing,Vanellus melanopterus
152,Crowned lapwing,Vanellus coronatus
153,Wattled lapwing,Vanellus senegallus
154,Lesser sand-plover,Charadrius mongolus
155,Greater sand-plover,Charadrius leschenaultii
156,Caspian plover,Charadrius asiaticus
157,Kittlitz's plover,Charadrius pecuarius
158,Common ringed plover,Charadrius hiaticula
159,Little ringed plover,Charadrius dubius
160,Three-banded plover,Charadrius tricollaris
161,White-fronted plover,Charadrius marginatus
162,Chestnut-banded plover,Charadrius pallidus
163,Greater painted-snipe,Rostratula benghalensis
164,Lesser jacana,Microparra capensis
165,African jacana,Actophilornis africanus
166,Whimbrel,Numenius phaeopus
167,Eurasian curlew,Numenius arquata
168,Bar-tailed godwit,Limosa lapponica
169,Black-tailed godwit,Limosa limosa
170,Hudsonian godwit,Limosa haemastica
171,Ruddy turnstone,Arenaria interpres
172,Great knot,Calidris tenuirostris
173,Red knot,Calidris canutus
174,Ruff,Calidris pugnax
175,Broad-billed sandpiper,Calidris falcinellus
176,Curlew sandpiper,Calidris ferruginea
177,Temminck's stint,Calidris temminckii
178,Long-toed stint,Calidris subminuta
179,Red-necked stint,Calidris ruficollis
180,Sanderling,Calidris alba
181,Dunlin,Calidris alpina
182,Baird's sandpiper,Calidris bairdii
183,Little stint,Calidris minuta
184,White-rumped sandpiper,Calidris fuscicollis
185,Buff-breasted sandpiper,Calidris subruficollis
186,Pectoral sandpiper,Calidris melanotos
187,Asian dowitcher,Limnodromus semipalmatus
188,Great snipe,Gallinago media
189,African snipe,Gallinago nigripennis
190,Terek sandpiper,Xenus cinereus
191,Wilson's phalarope,Phalaropus tricolor
192,Red-necked phalarope,Phalaropus lobatus
193,Red phalarope,Phalaropus fulicarius
194,Common sandpiper,Actitis hypoleucos
195,Green sandpiper,Tringa ochropus
196,Spotted redshank,Tringa erythropus
197,Common greenshank,Tringa nebularia
198,Lesser yellowlegs,Tringa flavipes
199,Marsh sandpiper,Tringa stagnatilis
200,Wood sandpiper,Tringa glareola
201,Common redshank,Tringa totanus
202,Small buttonquail,Turnix sylvaticus
203,Black-rumped buttonquail,Turnix nanus
204,Fynbos buttonquail,Turnix hottentottus
205,Crab-plover,Dromas ardeola
206,Burchell's courser,Cursorius rufus
207,Temminck's courser,Cursorius temminckii
208,Double-banded courser,Smutsornis africanus
209,Three-banded courser,Rhinoptilus cinctus
210,Bronze-winged courser,Rhinoptilus chalcopterus
211,Collared pratincole,Glareola pratincola
212,Black-winged pratincole,Glareola nordmanni
213,Rock pratincole,Glareola nuchalis
214,South polar skua,Stercorarius maccormicki
215,Brown skua,Stercorarius antarcticus
216,Pomarine jaeger,Stercorarius pomarinus
217,Parasitic jaeger,Stercorarius parasiticus
218,Long-tailed jaeger,Stercorarius longicaudus
219,Black-legged kittiwake,Rissa tridactyla
220,Sabine's gull,Xema sabini
221,Slender-billed gull,Chroicocephalus genei
222,Grey-hooded gull,Chroicocephalus cirrocephalus
223,Hartlaub's gull,Chroicocephalus hartlaubii
224,Black-headed gull,Chroicocephalus ridibundus
225,Laughing gull,Leucophaeus atricilla
226,Franklin's gull,Leucophaeus pipixcan
227,Sooty gull,Ichthyaetus hemprichii
228,Ring-billed gull,Larus delawarensis
229,Lesser black-backed gull,Larus fuscus
230,Kelp gull,Larus dominicanus
231,Brown noddy,Anous stolidus
232,Lesser noddy,Anous tenuirostris
233,Sooty tern,Onychoprion fuscatus
234,Bridled tern,Onychoprion anaethetus
235,Little tern,Sternula albifrons
236,Damara tern,Sternula balaenarum
237,Gull-billed tern,Gelochelidon nilotica
238,Caspian tern,Hydroprogne caspia
239,Black tern,Chlidonias niger
240,White-winged tern,Chlidonias leucopterus
241,Whiskered tern,Chlidonias hybrida
242,Roseate tern,Sterna dougallii
243,Black-naped tern,Sterna sumatrana
244,Common tern,Sterna hirundo
245,Arctic tern,Sterna paradisaea
246,Antarctic tern,Sterna vittata
247,White-cheeked tern,Sterna repressa
248,Great crested tern,Thalasseus bergii
249,Sandwich tern,Thalasseus sandvicensis
250,Elegant tern,Thalasseus elegans
251,Lesser crested tern,Thalasseus bengalensis
252,Black skimmer,Rynchops niger
253,African skimmer,Rynchops flavirostris
254,White-tailed tropicbird,Phaethon lepturus
255,Red-billed tropicbird,Phaethon aethereus
256,Red-tailed tropicbird,Phaethon rubricauda
257,King penguin,Aptenodytes patagonicus
258,African penguin,Spheniscus demersus
259,Macaroni penguin,Eudyptes chrysolophus
260,Southern rockhopper penguin,Eudyptes chrysocome
261,Moseley's rockhopper penguin,Eudyptes moseleyi
262,Yellow-nosed albatross,Thalassarche chlororhynchos
263,Gray-headed albatross,Thalassarche chrysostoma
264,Buller's albatross,Thalassarche bulleri
265,White-capped albatross,Thalassarche cauta
266,Salvin's albatross,Thalassarche salvini
267,Chatham albatross,Thalassarche eremita
268,Black-browed albatross,Thalassarche melanophrys
269,Sooty albatross,Phoebetria fusca
270,Light-mantled albatross,Phoebetria palpebrata
271,Royal albatross,Diomedea epomophora
272,Wandering albatross,Diomedea exulans
273,Laysan albatross,Phoebastria immutabilis
274,Wilson's storm-petrel,Oceanites oceanicus
275,Gray-backed storm-petrel,Garrodia nereis
276,White-faced storm-petrel,Pelagodroma marina
277,White-bellied storm-petrel,Fregetta grallaria
278,Black-bellied storm-petrel,Fregetta tropica
279,European storm-petrel,Hydrobates pelagicus
280,Leach's storm-petrel,Hydrobates leucorhous
281,Swinhoe's storm-petrel,Hydrobates monorhis
282,Matsudaira's storm-petrel,Hydrobates matsudairae
283,Southern giant-petrel,Macronectes giganteus
284,Northern giant-petrel,Macronectes halli
285,Southern fulmar,Fulmarus glacialoides
286,Antarctic petrel,Thalassoica antarctica
287,Cape petrel,Daption capense
288,Snow petrel,Pagodroma nivea
289,Kerguelen petrel,Aphrodroma brevirostris
290,Great-winged petrel,Pterodroma macroptera
291,Gray-faced petrel,Pterodroma gouldi
292,Trindade petrel,Pterodroma arminjoniana
293,Soft-plumaged petrel,Pterodroma mollis
294,Barau's petrel,Pterodroma baraui
295,White-headed petrel,Pterodroma lessonii
296,Atlantic petrel,Pterodroma incerta
297,Blue petrel,Halobaena caerulea
298,Fairy prion,Pachyptila turtur
299,Broad-billed prion,Pachyptila vittata
300,Salvin's prion,Pachyptila salvini
301,Antarctic prion,Pachyptila desolata
302,Slender-billed prion,Pachyptila belcheri
303,Jouanin's petrel,Bulweria fallax
304,Tahiti petrel,Pseudobulweria rostrata
305,Gray petrel,Procellaria cinerea
306,White-chinned petrel,Procellaria aequinoctialis
307,Spectacled petrel,Procellaria conspicillata
308,Streaked shearwater,Calonectris leucomelas
309,Cory's shearwater,Calonectris diomedea
310,Flesh-footed shearwater,Ardenna carneipes
311,Great shearwater,Ardenna gravis
312,Wedge-tailed shearwater,Ardenna pacifica
313,Sooty shearwater,Ardenna grisea
314,Manx shearwater,Puffinus puffinus
315,Balearic shearwater,Puffinus mauretanicus
316,Subantarctic shearwater,Puffinus elegans
317,Tropical shearwater,Puffinus bailloni
318,African openbill,Anastomus lamelligerus
319,Black stork,Ciconia nigra
320,Abdim's stork,Ciconia abdimii
321,African woolly-necked stork,Ciconia microscelis
322,White stork,Ciconia ciconia
323,Saddle-billed stork,Ephippiorhynchus senegalensis
324,Marabou stork,Leptoptilos crumenifer
325,Yellow-billed stork,Mycteria ibis
326,Lesser frigatebird,Fregata ariel
327,Great frigatebird,Fregata minor
328,Masked booby,Sula dactylatra
329,Brown booby,Sula leucogaster
330,Red-footed booby,Sula sula
331,Cape gannet,Morus capensis
332,Australasian gannet,Morus serrator
333,African darter,Anhinga rufa
334,Long-tailed cormorant,Microcarbo africanus
335,Crowned cormorant,Microcarbo coronatus
336,Bank cormorant,Phalacrocorax neglectus
337,Cape cormorant,Phalacrocorax capensis
338,Great cormorant,Phalacrocorax carbo
339,Great white pelican,Pelecanus onocrotalus
340,Pink-backed pelican,Pelecanus rufescens
341,Hamerkop,Scopus umbretta
342,Great bittern,Botaurus stellaris
343,Little bittern,Ixobrychus minutus
344,Dwarf bittern,Ixobrychus sturmii
345,Gray heron,Ardea cinerea
346,Black-headed heron,Ardea melanocephala
347,Goliath heron,Ardea goliath
348,Purple heron,Ardea purpurea
349,Great egret,Ardea alba
350,Intermediate egret,Ardea intermedia
351,Little egret,Egretta garzetta
352,Snowy egret,Egretta thula
353,Little blue heron,Egretta caerulea
354,Slaty egret,Egretta vinaceigula
355,Black heron,Egretta ardesiaca
356,Cattle egret,Bubulcus ibis
357,Squacco heron,Ardeola ralloides
358,Malagasy pond-heron,Ardeola idae
359,Rufous-bellied heron,Ardeola rufiventris
360,Striated heron,Butorides striata
361,Black-crowned night-heron,Nycticorax nycticorax
362,White-backed night-heron,Gorsachius leuconotus
363,Glossy ibis,Plegadis falcinellus
364,African sacred ibis,Threskiornis aethiopicus
365,Southern bald ibis,Geronticus calvus
366,Hadada ibis,Bostrychia hagedash
367,African spoonbill,Platalea alba
368,Secretarybird,Sagittarius serpentarius
369,Osprey,Pandion haliaetus
370,Black-winged kite,Elanus caeruleus
371,African harrier-hawk,Polyboroides typus
372,Palm-nut vulture,Gypohierax angolensis
373,Bearded vulture,Gypaetus barbatus
374,Egyptian vulture,Neophron percnopterus
375,European honey-buzzard,Pernis apivorus
376,Oriental honey-buzzard,Pernis ptilorhynchus
377,African cuckoo-hawk,Aviceda cuculoides
378,White-headed vulture,Trigonoceps occipitalis
379,Lappet-faced vulture,Torgos tracheliotos
380,Hooded vulture,Necrosyrtes monachus
381,White-backed vulture,Gyps africanus
382,RÃ¼ppell's griffon,Gyps rueppelli
383,Cape griffon,Gyps coprotheres
384,Bateleur,Terathopius ecaudatus
385,Black-chested snake-eagle,Circaetus pectoralis
386,Brown snake-eagle,Circaetus cinereus
387,Fasciated snake-eagle,Circaetus fasciolatus
388,Banded snake-eagle,Circaetus cinerascens
389,Bat hawk,Macheiramphus alcinus
390,Crowned eagle,Stephanoaetus coronatus
391,Martial eagle,Polemaetus bellicosus
392,Long-crested eagle,Lophaetus occipitalis
393,Lesser spotted eagle,Clanga pomarina
394,Wahlberg's eagle,Hieraaetus wahlbergi
395,Booted eagle,Hieraaetus pennatus
396,Ayres's hawk-eagle,Hieraaetus ayresii
397,Tawny eagle,Aquila rapax
398,Steppe eagle,Aquila nipalensis
399,Verreaux's eagle,Aquila verreauxii
400,African hawk-eagle,Aquila spilogaster
401,Lizard buzzard,Kaupifalco monogrammicus
402,Dark chanting-goshawk,Melierax metabates
403,Pale chanting-goshawk,Melierax canorus
404,Gabar goshawk,Micronisus gabar
405,Eurasian marsh-harrier,Circus aeruginosus
406,African marsh-harrier,Circus ranivorus
407,Black harrier,Circus maurus
408,Pallid harrier,Circus macrourus
409,Montagu's harrier,Circus pygargus
410,African goshawk,Accipiter tachiro
411,Shikra,Accipiter badius
412,Little sparrowhawk,Accipiter minullus
413,Ovambo sparrowhawk,Accipiter ovampensis
414,Rufous-breasted sparrowhawk,Accipiter rufiventris
415,Black goshawk,Accipiter melanoleucus
416,Black kite,Milvus migrans
417,Yellow-billed kite,Milvus aegyptius
418,African fish-eagle,Haliaeetus vocifer
419,Common buzzard,Buteo buteo
420,Forest buzzard,Buteo trizonatus
421,Long-legged buzzard,Buteo rufinus
422,Red-necked buzzard,Buteo auguralis
423,Augur buzzard,Buteo augur
424,Jackal buzzard,Buteo rufofuscus
425,African grass-owl,Tyto capensis
426,Barn owl,Tyto alba
427,African scops-owl,Otus senegalensis
428,Southern white-faced owl,Ptilopsis granti
429,Cape eagle-owl,Bubo capensis
430,Spotted eagle-owl,Bubo africanus
431,Verreaux's eagle-owl,Bubo lacteus
432,Pel's fishing-owl,Scotopelia peli
433,Pearl-spotted owlet,Glaucidium perlatum
434,African barred owlet,Glaucidium capense
435,African wood-owl,Strix woodfordii
436,Marsh owl,Asio capensis
437,Speckled mousebird,Colius striatus
438,White-backed mousebird,Colius colius
439,Red-faced mousebird,Urocolius indicus
440,Narina trogon,Apaloderma narina
441,Hoopoe,Upupa africana
442,Green woodhoopoe,Phoeniculus purpureus
443,Common scimitarbill,Rhinopomastus cyanomelas
444,Southern ground-hornbill,Bucorvus leadbeateri
445,Crowned hornbill,Lophoceros alboterminatus
446,African grey hornbill,Lophoceros nasutus
447,Southern yellow-billed hornbill,Tockus leucomelas
448,Southern red-billed hornbill,Tockus rufirostris
449,Trumpeter hornbill,Bycanistes bucinator
450,Half-collared kingfisher,Alcedo semitorquata
451,Malachite kingfisher,Corythornis cristatus
452,African pygmy kingfisher,Ispidina picta
453,Gray-headed kingfisher,Halcyon leucocephala
454,Woodland kingfisher,Halcyon senegalensis
455,Mangrove kingfisher,Halcyon senegaloides
456,Brown-hooded kingfisher,Halcyon albiventris
457,Striped kingfisher,Halcyon chelicuti
458,Giant kingfisher,Megaceryle maxima
459,Pied kingfisher,Ceryle rudis
460,White-fronted bee-eater,Merops bullockoides
461,Little bee-eater,Merops pusillus
462,Swallow-tailed bee-eater,Merops hirundineus
463,White-throated bee-eater,Merops albicollis
464,Blue-cheeked bee-eater,Merops persicus
465,Madagascar bee-eater,Merops superciliosus
466,European bee-eater,Merops apiaster
467,Southern carmine bee-eater,Merops nubicoides
468,European roller,Coracias garrulus
469,Lilac-breasted roller,Coracias caudatus
470,Racket-tailed roller,Coracias spatulatus
471,Rufous-crowned roller,Coracias naevius
472,Broad-billed roller,Eurystomus glaucurus
473,Crested barbet,Trachyphonus vaillantii
474,White-eared barbet,Stactolaema leucotis
475,Green barbet,Stactolaema olivacea
476,Yellow-rumped tinkerbird,Pogoniulus bilineatus
477,Red-fronted tinkerbird,Pogoniulus pusillus
478,Yellow-fronted tinkerbird,Pogoniulus chrysoconus
479,Pied barbet,Tricholaema leucomelas
480,Black-collared barbet,Lybius torquatus
481,Wahlberg's honeyguide,Prodotiscus regulus
482,Lesser honeyguide,Indicator minor
483,Scaly-throated honeyguide,Indicator variegatus
484,Greater honeyguide,Indicator indicator
485,Rufous-necked wryneck,Jynx ruficollis
486,Cardinal woodpecker,Chloropicus fuscescens
487,Bearded woodpecker,Chloropicus namaquus
488,Olive woodpecker,Chloropicus griseocephalus
489,Ground woodpecker,Geocolaptes olivaceus
490,Bennett's woodpecker,Campethera bennettii
491,Knysna woodpecker,Campethera notata
492,Golden-tailed woodpecker,Campethera abingoni
493,Pygmy falcon,Polihierax semitorquatus
494,Lesser kestrel,Falco naumanni
495,Rock kestrel,Falco rupicolus
496,Greater kestrel,Falco rupicoloides
497,Dickinson's kestrel,Falco dickinsoni
498,Red-necked falcon,Falco chicquera
499,Red-footed falcon,Falco vespertinus
500,Amur falcon,Falco amurensis
501,Eleonora's falcon,Falco eleonorae
502,Sooty falcon,Falco concolor
503,Eurasian hobby,Falco subbuteo
504,African hobby,Falco cuvierii
505,Lanner falcon,Falco biarmicus
506,Peregrine falcon,Falco peregrinus
507,Taita falcon,Falco fasciinucha
508,Rose-ringed parakeet,Psittacula krameri
509,Rosy-faced lovebird,Agapornis roseicollis
510,Brown-necked parrot,Poicephalus fuscicollis
511,Cape parrot,Poicephalus robustus
512,Meyer's parrot,Poicephalus meyeri
513,Brown-headed parrot,Poicephalus cryptoxanthus
514,African broadbill,Smithornis capensis
515,African pitta,Pitta angolensis
516,Gray cuckooshrike,Coracina caesia
517,White-breasted cuckooshrike,Coracina pectoralis
518,Black cuckooshrike,Campephaga flava
519,Eurasian golden oriole,Oriolus oriolus
520,African golden oriole,Oriolus auratus
521,African black-headed oriole,Oriolus larvatus
522,Black-throated wattle-eye,Platysteira peltata
523,Cape batis,Batis capensis
524,Woodward's batis,Batis fratrum
525,Chinspot batis,Batis molitor
526,Pririt batis,Batis pririt
527,White helmetshrike,Prionops plumatus
528,Retz's helmetshrike,Prionops retzii
529,Chestnut-fronted helmetshrike,Prionops scopifrons
530,Black-and-white shrike-flycatcher,Bias musicus
531,Brubru,Nilaus afer
532,Black-backed puffback,Dryoscopus cubla
533,Black-crowned tchagra,Tchagra senegalus
534,Brown-crowned tchagra,Tchagra australis
535,Southern tchagra,Tchagra tchagra
536,Tropical boubou,Laniarius major
537,Southern boubou,Laniarius ferrugineus
538,Crimson-breasted gonolek,Laniarius atrococcineus
539,Bokmakierie,Telophorus zeylonus
540,Sulphur-breasted bushshrike,Telophorus sulfureopectus
541,Olive bushshrike,Telophorus olivaceus
542,Black-fronted bushshrike,Telophorus nigrifrons
543,Four-coloured bushshrike,Telophorus viridis
544,Gray-headed bushshrike,Malaconotus blanchoti
545,Common square-tailed drongo,Dicrurus ludwigii
546,Fork-tailed drongo,Dicrurus adsimilis
547,African crested-flycatcher,Trochocercus cyanomelas
548,African paradise-flycatcher,Terpsiphone viridis
549,Red-backed shrike,Lanius collurio
550,Red-tailed shrike,Lanius phoenicuroides
551,Isabelline shrike,Lanius isabellinus
552,Lesser grey shrike,Lanius minor
553,Magpie shrike,Lanius melanoleucus
554,Southern fiscal,Lanius collaris
555,Woodchat shrike,Lanius senator
556,White-crowned shrike,Eurocephalus anguitimens
557,House crow,Corvus splendens
558,Cape crow,Corvus capensis
559,Pied crow,Corvus albus
560,White-necked raven,Corvus albicollis
561,Cape rockjumper,Chaetops frenatus
562,Drakensberg rockjumper,Chaetops aurantius
563,Southern hyliota,Hyliota australis
564,Fairy flycatcher,Stenostira scita
565,Southern black-tit,Melaniparus niger
566,Ashy tit,Melaniparus cinerascens
567,Gray tit,Melaniparus afer
568,African penduline-tit,Anthoscopus caroli
569,Southern penduline-tit,Anthoscopus minutus
570,Spike-heeled lark,Chersomanes albofasciata
571,Short-clawed lark,Certhilauda chuana
572,Karoo long-billed lark,Certhilauda subcoronata
573,Eastern long-billed lark,Certhilauda semitorquata
574,Cape lark,Certhilauda curvirostris
575,Dusky lark,Pinarocorys nigricans
576,Black-eared sparrow-lark,Eremopterix australis
577,Chestnut-backed sparrow-lark,Eremopterix leucotis
578,Gray-backed sparrow-lark,Eremopterix verticalis
579,Sabota lark,Calendulauda sabota
580,Fawn-coloured lark,Calendulauda africanoides
581,Karoo lark,Calendulauda albescens
582,Red lark,Calendulauda burra
583,Barlow's lark,Calendulauda barlowi
584,Rudd's lark,Heteromirafra ruddi
585,Cape clapper lark,Mirafra apiata
586,Eastern clapper lark,Mirafra fasciolata
587,Rufous-naped lark,Mirafra africana
588,Flappet lark,Mirafra rufocinnamomea
589,Monotonous lark,Mirafra passerina
590,Latakoo lark,Mirafra cheniana
591,Red-capped lark,Calandrella cinerea
592,Stark's lark,Spizocorys starki
593,Sclater's lark,Spizocorys sclateri
594,Pink-billed lark,Spizocorys conirostris
595,Botha's lark,Spizocorys fringillaris
596,Large-billed lark,Galerida magnirostris
597,Eastern nicator,Nicator gularis
598,Cape crombec,Sylvietta rufescens
599,Cape grassbird,Sphenoeacus afer
600,Victorin's warbler,Cryptillas victorini
601,Yellow-bellied eremomela,Eremomela icteropygialis
602,Greencap eremomela,Eremomela scotops
603,Yellow-rumped eremomela,Eremomela gregalis
604,Burnt-neck eremomela,Eremomela usticollis
605,Namaqua warbler,Phragmacia substriata
606,Stierling's wren-warbler,Calamonastes stierlingi
607,Barred wren-warbler,Calamonastes fasciolatus
608,Green-backed camaroptera,Camaroptera brachyura
609,Bar-throated apalis,Apalis thoracica
610,Yellow-breasted apalis,Apalis flavida
611,Rudd's apalis,Apalis ruddi
612,Tawny-flanked prinia,Prinia subflava
613,Black-chested prinia,Prinia flavicans
614,Karoo prinia,Prinia maculosa
615,Drakensberg prinia,Prinia hypoxantha
616,Kopje warbler,Euryptila subcinnamomea
617,Rufous-eared warbler,Malcorus pectoralis
618,Red-faced cisticola,Cisticola erythrops
619,Rock-loving cisticola,Cisticola aberrans
620,Rattling cisticola,Cisticola chiniana
621,Tinkling cisticola,Cisticola rufilatus
622,Red-headed cisticola,Cisticola subruficapilla
623,Wailing cisticola,Cisticola lais
624,Rufous-winged cisticola,Cisticola galactotes
625,Levaillant's cisticola,Cisticola tinniens
626,Croaking cisticola,Cisticola natalensis
627,Piping cisticola,Cisticola fulvicapilla
628,Zitting cisticola,Cisticola juncidis
629,Desert cisticola,Cisticola aridulus
630,Cloud cisticola,Cisticola textrix
631,Pale-crowned cisticola,Cisticola cinnamomeus
632,Wing-snapping cisticola,Cisticola ayresii
633,African yellow-warbler,Iduna natalensis
634,Upcher's warbler,Hippolais languida
635,Olive-tree warbler,Hippolais olivetorum
636,Icterine warbler,Hippolais icterina
637,Sedge warbler,Acrocephalus schoenobaenus
638,Marsh warbler,Acrocephalus palustris
639,Common reed warbler,Acrocephalus scirpaceus
640,Basra reed warbler,Acrocephalus griseldis
641,Lesser swamp warbler,Acrocephalus gracilirostris
642,Great reed warbler,Acrocephalus arundinaceus
643,River warbler,Locustella fluviatilis
644,Fan-tailed grassbird,Catriscus brevirostris
645,Knysna warbler,Bradypterus sylvaticus
646,Barratt's warbler,Bradypterus barratti
647,Little rush warbler,Bradypterus baboecala
648,Plain martin,Riparia paludicola
649,Bank swallow,Riparia riparia
650,Banded martin,Neophedina cincta
651,Mascarene martin,Phedina borbonica
652,Rock martin,Ptyonoprogne fuligula
653,Barn swallow,Hirundo rustica
654,White-throated swallow,Hirundo albigularis
655,Wire-tailed swallow,Hirundo smithii
656,Pearl-breasted swallow,Hirundo dimidiata
657,Montane blue swallow,Hirundo atrocaerulea
658,Greater striped swallow,Cecropis cucullata
659,Red-rumped swallow,Cecropis daurica
660,Lesser striped swallow,Cecropis abyssinica
661,Rufous-chested swallow,Cecropis semirufa
662,Mosque swallow,Cecropis senegalensis
663,South African swallow,Petrochelidon spilodera
664,Common house-martin,Delichon urbicum
665,Black sawwing,Psalidoprocne pristoptera
666,Gray-rumped swallow,Pseudhirundo griseopyga
667,Sombre greenbul,Andropadus importunus
668,Yellow-bellied greenbul,Chlorocichla flaviventris
669,Terrestrial brownbul,Phyllastrephus terrestris
670,Yellow-streaked greenbul,Phyllastrephus flavostriatus
671,Common bulbul,Pycnonotus barbatus
672,Black-fronted bulbul,Pycnonotus nigricans
673,Cape bulbul,Pycnonotus capensis
674,Wood warbler,Phylloscopus sibilatrix
675,Willow warbler,Phylloscopus trochilus
676,Yellow-throated woodland-warbler,Phylloscopus ruficapillus
677,Green warbler,Phylloscopus nitidus
678,Eurasian blackcap,Sylvia atricapilla
679,Garden warbler,Sylvia borin
680,Bush blackcap,Sylvia nigricapillus
681,Barred warbler,Curruca nisoria
682,Layard's warbler,Curruca layardi
683,Chestnut-vented warbler,Curruca subcoerulea
684,Lesser whitethroat,Curruca curruca
685,Greater whitethroat,Curruca communis
686,Orange River white-eye,Zosterops pallidus
687,Cape white-eye,Zosterops virens
688,Southern yellow white-eye,Zosterops anderssoni
689,Arrow-marked babbler,Turdoides jardineii
690,Southern pied-babbler,Turdoides bicolor
691,African spotted creeper,Salpornis salvadori
692,Red-billed oxpecker,Buphagus erythrorynchus
693,Yellow-billed oxpecker,Buphagus africanus
694,European starling,Sturnus vulgaris
695,Wattled starling,Creatophora cinerea
696,Rosy starling,Pastor roseus
697,Common myna,Acridotheres tristis
698,Violet-backed starling,Cinnyricinclus leucogaster
699,Pale-winged starling,Onychognathus nabouroup
700,Red-winged starling,Onychognathus morio
701,Black-bellied starling,Notopholia corusca
702,Burchell's starling,Lamprotornis australis
703,Meves's starling,Lamprotornis mevesii
704,African pied starling,Lamprotornis bicolor
705,Lesser blue-eared starling,Lamprotornis chloropterus
706,Greater blue-eared starling,Lamprotornis chalybaeus
707,Cape starling,Lamprotornis nitens
708,Spotted ground-thrush,Geokichla guttata
709,Orange ground-thrush,Geokichla gurneyi
710,Groundscraper thrush,Turdus litsitsirupa
711,Kurrichane thrush,Turdus libonyana
712,Olive thrush,Turdus olivaceus
713,Karoo thrush,Turdus smithi
714,African dusky flycatcher,Muscicapa adusta
715,Spotted flycatcher,Muscicapa striata
716,Mariqua flycatcher,Bradornis mariquensis
717,Pale flycatcher,Agricola pallidus
718,Chat flycatcher,Agricola infuscatus
719,Gray tit-flycatcher,Fraseria plumbea
720,Ashy flycatcher,Fraseria caerulescens
721,Fiscal flycatcher,Melaenornis silens
722,Southern black-flycatcher,Melaenornis pammelaina
723,Karoo scrub-robin,Cercotrichas coryphoeus
724,Brown scrub-robin,Cercotrichas signata
725,Bearded scrub-robin,Cercotrichas quadrivirgata
726,Rufous-tailed scrub-robin,Cercotrichas galactotes
727,Kalahari scrub-robin,Cercotrichas paena
728,Red-backed scrub-robin,Cercotrichas leucophrys
729,Cape robin-chat,Cossypha caffra
730,White-throated robin-chat,Cossypha humeralis
731,White-browed robin-chat,Cossypha heuglini
732,Red-capped robin-chat,Cossypha natalensis
733,Chorister robin-chat,Cossypha dichroa
734,Collared palm-thrush,Cichladusa arquata
735,White-starred robin,Pogonocichla stellata
736,White-throated robin,Irania gutturalis
737,Thrush nightingale,Luscinia luscinia
738,European pied flycatcher,Ficedula hypoleuca
739,Collared flycatcher,Ficedula albicollis
740,Common redstart,Phoenicurus phoenicurus
741,Short-toed rock-thrush,Monticola brevipes
742,Sentinel rock-thrush,Monticola explorator
743,Cape rock-thrush,Monticola rupestris
744,Whinchat,Saxicola rubetra
745,African stonechat,Saxicola torquatus
746,Buff-streaked chat,Campicoloides bifasciatus
747,Sickle-winged chat,Emarginata sinuata
748,Karoo chat,Emarginata schlegelii
749,Tractrac chat,Emarginata tractrac
750,Mocking cliff-chat,Thamnolaea cinnamomeiventris
751,Southern anteater-chat,Myrmecocichla formicivora
752,Mountain wheatear,Myrmecocichla monticola
753,Arnot's chat,Myrmecocichla arnotti
754,Northern wheatear,Oenanthe oenanthe
755,Capped wheatear,Oenanthe pileata
756,Pied wheatear,Oenanthe pleschanka
757,Familiar chat,Oenanthe familiaris
758,Boulder chat,Pinarornis plumosus
759,Gurney's sugarbird,Promerops gurneyi
760,Cape sugarbird,Promerops cafer
761,Plain-backed sunbird,Anthreptes reichenowi
762,Collared sunbird,Hedydipna collaris
763,Orange-breasted sunbird,Anthobaphes violacea
764,Olive sunbird,Cyanomitra olivacea
765,Mouse-colored sunbird,Cyanomitra veroxii
766,Amethyst sunbird,Chalcomitra amethystina
767,Scarlet-chested sunbird,Chalcomitra senegalensis
768,Malachite sunbird,Nectarinia famosa
769,Southern double-collared sunbird,Cinnyris chalybeus
770,Neergaard's sunbird,Cinnyris neergaardi
771,Greater double-collared sunbird,Cinnyris afer
772,Mariqua sunbird,Cinnyris mariquensis
773,Purple-banded sunbird,Cinnyris bifasciatus
774,White-breasted sunbird,Cinnyris talatala
775,Variable sunbird,Cinnyris venustus
776,Dusky sunbird,Cinnyris fuscus
777,Red-billed buffalo-weaver,Bubalornis niger
778,Scaly weaver,Sporopipes squamifrons
779,White-browed sparrow-weaver,Plocepasser mahali
780,Sociable weaver,Philetairus socius
781,Red-headed weaver,Anaplectes rubriceps
782,Spectacled weaver,Ploceus ocularis
783,Cape weaver,Ploceus capensis
784,African golden-weaver,Ploceus subaureus
785,Holub's golden-weaver,Ploceus xanthops
786,Southern brown-throated weaver,Ploceus xanthopterus
787,Lesser masked-weaver,Ploceus intermedius
788,Southern masked-weaver,Ploceus velatus
789,Village weaver,Ploceus cucullatus
790,Chestnut weaver,Ploceus rubiginosus
791,Forest weaver,Ploceus bicolor
792,Red-headed quelea,Quelea erythrops
793,Red-billed quelea,Quelea quelea
794,Southern red bishop,Euplectes orix
795,Yellow-crowned bishop,Euplectes afer
796,Yellow bishop,Euplectes capensis
797,White-winged widowbird,Euplectes albonotatus
798,Red-collared widowbird,Euplectes ardens
799,Fan-tailed widowbird,Euplectes axillaris
800,Long-tailed widowbird,Euplectes progne
801,Grosbeak weaver,Amblyospiza albifrons
802,Bronze mannikin,Spermestes cucullata
803,Magpie mannikin,Spermestes fringilloides
804,Black-and-white mannikin,Spermestes bicolor
805,Swee waxbill,Coccopygia melanotis
806,Green-backed twinspot,Mandingoa nitidula
807,Black-faced waxbill,Brunhilda erythronotos
808,Black-tailed waxbill,Glaucestrilda perreini
809,Common waxbill,Estrilda astrild
810,Quailfinch,Ortygospiza atricollis
811,Cut-throat,Amadina fasciata
812,Red-headed finch,Amadina erythrocephala
813,Zebra waxbill,Amandava subflava
814,Violet-eared waxbill,Uraeginthus granatina
815,Southern cordonbleu,Uraeginthus angolensis
816,Green-winged pytilia,Pytilia melba
817,Orange-winged pytilia,Pytilia afra
818,Peters's twinspot,Hypargos niveoguttatus
819,Pink-throated twinspot,Hypargos margaritatus
820,Red-billed firefinch,Lagonosticta senegala
821,African firefinch,Lagonosticta rubricata
822,Jameson's firefinch,Lagonosticta rhodopareia
823,Pin-tailed whydah,Vidua macroura
824,Broad-tailed paradise-whydah,Vidua obtusa
825,Eastern paradise-whydah,Vidua paradisaea
826,Shaft-tailed whydah,Vidua regia
827,Village indigobird,Vidua chalybeata
828,Wilson's indigobird,Vidua wilsoni
829,Variable indigobird,Vidua funerea
830,Purple indigobird,Vidua purpurascens
831,Parasitic weaver,Anomalospiza imberbis
832,House sparrow,Passer domesticus
833,Great rufous sparrow,Passer motitensis
834,Cape sparrow,Passer melanurus
835,Southern gray-headed sparrow,Passer diffusus
836,Yellow-throated bush sparrow,Gymnoris superciliaris
837,Cape wagtail,Motacilla capensis
838,Mountain wagtail,Motacilla clara
839,Gray wagtail,Motacilla cinerea
840,Western yellow wagtail,Motacilla flava
841,Citrine wagtail,Motacilla citreola
842,African pied wagtail,Motacilla aguimp
843,White wagtail,Motacilla alba
844,African pipit,Anthus cinnamomeus
845,Mountain pipit,Anthus hoeschi
846,Nicholson's pipit,Anthus nicholsoni
847,Plain-backed pipit,Anthus leucophrys
848,Buffy pipit,Anthus vaalensis
849,Striped pipit,Anthus lineiventris
850,Yellow-tufted pipit,Anthus crenatus
851,Tree pipit,Anthus trivialis
852,Red-throated pipit,Anthus cervinus
853,Short-tailed pipit,Anthus brachyurus
854,Bush pipit,Anthus caffer
855,Golden pipit,Tmetothylacus tenellus
856,Yellow-breasted pipit,Hemimacronyx chloris
857,Orange-throated longclaw,Macronyx capensis
858,Yellow-throated longclaw,Macronyx croceus
859,Rosy-throated longclaw,Macronyx ameliae
860,Common chaffinch,Fringilla coelebs
861,Yellow-fronted canary,Crithagra mozambica
862,Forest canary,Crithagra scotops
863,Black-throated canary,Crithagra atrogularis
864,Lemon-breasted seedeater,Crithagra citrinipectus
865,Brimstone canary,Crithagra sulphurata
866,Yellow canary,Crithagra flaviventris
867,White-throated canary,Crithagra albogularis
868,Protea canary,Crithagra leucoptera
869,Black-eared seedeater,Crithagra mennelli
870,Streaky-headed seedeater,Crithagra gularis
871,Cape siskin,Crithagra totta
872,Drakensberg siskin,Crithagra symonsi
873,Cape canary,Serinus canicollis
874,Black-headed canary,Serinus alario
875,Ortolan bunting,Emberiza hortulana
876,Golden-breasted bunting,Emberiza flaviventris
877,Cape bunting,Emberiza capensis
878,Lark-like bunting,Emberiza impetuani
879,Cinnamon-breasted bunting,Emberiza tahapisi
