common,latin,code
Common Ostrich,Struthio camelus,2247CB050A76CF8E
White-faced Whistling Duck,Dendrocygna viduata,A534AFEA126DBD62
Fulvous Whistling Duck,Dendrocygna bicolor,9A60617EE376ABE9
White-backed Duck,Thalassornis leuconotus,2EEDACD56C704AE5
Spur-winged Goose,Plectropterus gambensis,EB01B24C6C4CDD54
Knob-billed Duck,Sarkidiornis melanotos,3948131B5C866873
Egyptian Goose,Alopochen aegyptiaca,DA2F24E310CF72A6
Common Shelduck,Tadorna tadorna,5EAB32D3007896F3
South African Shelduck,Tadorna cana,D9DEA77E9D637151
African Pygmy Goose,Nettapus auritus,EC7C161891215A81
Garganey,Spatula querquedula,F577BA0F5BB7BD3F
Blue-billed Teal,Spatula hottentota,FA831F653458789B
Cape Shoveler,Spatula smithii,4670CF434BF8489C
Northern Shoveler,Spatula clypeata,ED4CE8E7CFF43696
African Black Duck,Anas sparsa,1EAFAD9FAED6B99B
Yellow-billed Duck,Anas undulata,7F64AD87E76FBFDD
Mallard,Anas platyrhynchos,85625D75F2524457
Cape Teal,Anas capensis,25DA0F41467279DF
Red-billed Teal,Anas erythrorhyncha,8F6876AC4DDE3CB7
Northern Pintail,Anas acuta,56CCA7179C9FA71D
Southern Pochard,Netta erythrophthalma,36C0242EAEB3388E
Tufted Duck,Aythya fuligula,67CEA1C1FC88F1DB
Maccoa Duck,Oxyura maccoa,1C2F4E80D146FA22
Helmeted Guineafowl,Numida meleagris,1044B438EE7556BB
Southern Crested Guineafowl,Guttera edouardi,34703319FFB6D9C6
Indian Peafowl,Pavo cristatus,A8C34DC9655204ED
Crested Francolin,Ortygornis sephaena,8004C7E5858F416E
Coqui Francolin,Campocolinus coqui,ECD7C1D8CD5ECD48
Red-winged Francolin,Scleroptila levaillantii,B49935ED3B58A9BB
Grey-winged Francolin,Scleroptila afra,21616639229C8620
Orange River Francolin,Scleroptila gutturalis,8E833C63E70A547C
Shelley's Francolin,Scleroptila shelleyi,A15F683619DAF875
Blue Quail,Synoicus adansonii,CAA45AC64CCCBC1A
Common Quail,Coturnix coturnix,CAFE345DCABD8BF8
Harlequin Quail,Coturnix delegorguei,0CA903BB0A69F510
Chukar Partridge,Alectoris chukar,87CBEBF7C53AF64C
Red-billed Spurfowl,Pternistis adspersus,9E356E434613C508
Cape Spurfowl,Pternistis capensis,6405CD29671B80EA
Natal Spurfowl,Pternistis natalensis,A7002FF6804B1B5D
Swainson's Spurfowl,Pternistis swainsonii,721FFBD492FCF12F
Red-necked Spurfowl,Pternistis afer,5FA94F6614A812A6
European Nightjar,Caprimulgus europaeus,80D4B0FE7FF1D735
Rufous-cheeked Nightjar,Caprimulgus rufigena,05E2FB2A92303DA1
Fiery-necked Nightjar,Caprimulgus pectoralis,7E3578A23C6F876C
Swamp Nightjar,Caprimulgus natalensis,52E6406EFBF0A882
Freckled Nightjar,Caprimulgus tristigma,E3C780D60CA690A6
Square-tailed Nightjar,Caprimulgus fossii,4FD242D01B5D5232
Pennant-winged Nightjar,Caprimulgus vexillarius,A526534E0230B258
Mottled Spinetail,Telacanthura ussheri,8ACC245F174B13A5
Böhm's Spinetail,Neafrapus boehmi,0D52DFC7DE3C5BA0
African Palm Swift,Cypsiurus parvus,DA106373934D9148
Alpine Swift,Tachymarptis melba,FA1CAD2906F7C845
Common Swift,Apus apus,4E6EF3F983079D73
African Black Swift,Apus barbatus,5086F50B49DE0CB5
Bradfield's Swift,Apus bradfieldi,11507BB34C7909D2
Little Swift,Apus affinis,D209A90C8A90DA51
Horus Swift,Apus horus,FF79A533E7CD3CDF
White-rumped Swift,Apus caffer,FA9F60196383DBA2
Grey Go-away-bird,Crinifer concolor,DEBCA5878411E6FE
Purple-crested Turaco,Gallirex porphyreolophus,76E45A194EDAD699
Livingstone's Turaco,Tauraco livingstonii,12FE1ED545DD651C
Knysna Turaco,Tauraco corythaix,45CE1202440B9385
Kori Bustard,Ardeotis kori,4FC41CA0DC1B12AF
Ludwig's Bustard,Neotis ludwigii,FB9132DC8D6C4062
Denham's Bustard,Neotis denhami,4FDBC0CBCDE078A0
White-bellied Bustard,Eupodotis senegalensis,3B2870146A7CF1B2
Blue Korhaan,Eupodotis caerulescens,501B3D622D2A02BD
Karoo Korhaan,Heterotetrax vigorsii,199B62803C809453
Red-crested Korhaan,Lophotis ruficrista,02BE4F8A8DA99ED3
Southern Black Korhaan,Afrotis afra,C84BD6490569D248
Northern Black Korhaan,Afrotis afraoides,A6720AF587FB202B
Black-bellied Bustard,Lissotis melanogaster,562F44567F8A4AC2
Senegal Coucal,Centropus senegalensis,4A83155BA1B18139
Burchell's Coucal,Centropus burchellii,6C342FFF20D08A84
Black Coucal,Centropus grillii,DB09507DAF8069D1
Green Malkoha,Ceuthmochares australis,3A46A20CC5D4A8FE
Great Spotted Cuckoo,Clamator glandarius,3D67C56A490A60AE
Levaillant's Cuckoo,Clamator levaillantii,3C8C3A3108123D9C
Jacobin Cuckoo,Clamator jacobinus,BF0A09546401D245
Thick-billed Cuckoo,Pachycoccyx audeberti,2AD52363576C671B
Diederik Cuckoo,Chrysococcyx caprius,0482FA7E6D2B02F4
Klaas's Cuckoo,Chrysococcyx klaas,1FACD21062D63FCB
African Emerald Cuckoo,Chrysococcyx cupreus,1B309CB5E7D3F87F
Barred Long-tailed Cuckoo,Cercococcyx montanus,B8D4205938E38D19
Black Cuckoo,Cuculus clamosus,EDB843347849158F
Red-chested Cuckoo,Cuculus solitarius,26A34DA5474E1A01
Lesser Cuckoo,Cuculus poliocephalus,FF41B79FB9A5403D
Madagascar Cuckoo,Cuculus rochii,C2E0717CFAC3E972
African Cuckoo,Cuculus gularis,66931B3F993D2FCE
Common Cuckoo,Cuculus canorus,B3D2C3C5B73EC8E8
Namaqua Sandgrouse,Pterocles namaqua,AAEF597A847E037E
Yellow-throated Sandgrouse,Pterocles gutturalis,8B6EA5FA0BB8387B
Double-banded Sandgrouse,Pterocles bicinctus,54059277006E4C39
Burchell's Sandgrouse,Pterocles burchelli,176A410133CBFA18
Rock Dove,Columba livia,BBA263C235B15B88
Speckled Pigeon,Columba guinea,A6EA9F02884DCAC3
African Olive Pigeon,Columba arquatrix,EEDB8253146102E4
Eastern Bronze-naped Pigeon,Columba delegorguei,870E4DDAFBC8A03E
Lemon Dove,Columba larvata,EE40DDB6D12231E7
European Turtle Dove,Streptopelia turtur,5788552B694ED7B5
Mourning Collared Dove,Streptopelia decipiens,70BD722BFB32E346
Red-eyed Dove,Streptopelia semitorquata,9888B3AE7B0B41EE
Ring-necked Dove,Streptopelia capicola,AB937AEB3B9F3DC1
Laughing Dove,Spilopelia senegalensis,B2D6AB06AA0628A7
Emerald-spotted Wood Dove,Turtur chalcospilos,BDF442F234BB5FE3
Blue-spotted Wood Dove,Turtur afer,23D5FC36BA0C0636
Tambourine Dove,Turtur tympanistria,7308278F0D6F820F
Namaqua Dove,Oena capensis,DDC2CC929B5547C5
African Green Pigeon,Treron calvus,001465742A76224D
African Finfoot,Podica senegalensis,46DECAEEE5908123
Buff-spotted Flufftail,Sarothrura elegans,E75BA92C49B2915B
Red-chested Flufftail,Sarothrura rufa,10B565440424A261
Streaky-breasted Flufftail,Sarothrura boehmi,EBA9F2C4AC6931EC
White-winged Flufftail,Sarothrura ayresi,534D524CD933EE5A
Striped Flufftail,Sarothrura affinis,D4A066EAF33FCE78
African Rail,Rallus caerulescens,5B443EDEAEE8BB9D
African Crake,Crecopsis egregia,09A0F2EBC063CF30
Corn Crake,Crex crex,7E2572426E200D08
Spotted Crake,Porzana porzana,460708F99737A6A2
Lesser Moorhen,Paragallinula angulata,A927C1AE78492E6B
Common Moorhen,Gallinula chloropus,8F82FF8C30667D90
Red-knobbed Coot,Fulica cristata,53235FDC4FC130F5
Allen's Gallinule,Porphyrio alleni,53288666B2C70F88
Purple Gallinule,Porphyrio martinica,72A4F8EBF168E80D
African Swamphen,Porphyrio madagascariensis,865C039E4B8BE80A
Black Crake,Zapornia flavirostra,148F0B012CB5233A
Baillon's Crake,Zapornia pusilla,34D5B04DE53894FF
Little Crake,Zapornia parva,9106EBE6C0914933
Striped Crake,Aenigmatolimnas marginalis,13967506FE307148
White-breasted Waterhen,Amaurornis phoenicurus,F53518E3D78616E7
Grey Crowned Crane,Balearica regulorum,D10CAC5DE781E990
Wattled Crane,Grus carunculata,38963CAC42FB62C6
Blue Crane,Grus paradisea,361AC2690622329F
Little Grebe,Tachybaptus ruficollis,71682A477CFD47A8
Great Crested Grebe,Podiceps cristatus,8F269702DC208010
Black-necked Grebe,Podiceps nigricollis,32DCEC14D7AE129B
Greater Flamingo,Phoenicopterus roseus,0F9B5174A8ACF737
Lesser Flamingo,Phoeniconaias minor,B06A9079584A8D53
Common Buttonquail,Turnix sylvaticus,0DA8BB90D5401FDB
Black-rumped Buttonquail,Turnix nanus,0874B4D57071C31A
Fynbos Buttonquail,Turnix hottentottus,FE5E2530547C0339
Spotted Thick-knee,Burhinus capensis,862F6F04186871A8
Water Thick-knee,Burhinus vermiculatus,96CCAFEE83A0F557
Snowy Sheathbill,Chionis albus,62AC9C19E209962D
African Oystercatcher,Haematopus moquini,C078081EB45D895F
Eurasian Oystercatcher,Haematopus ostralegus,ED66316522B99A30
Black-winged Stilt,Himantopus himantopus,3CAEB7CEEC7FFF50
Pied Avocet,Recurvirostra avosetta,C73ED2F5D88625BA
Grey Plover,Pluvialis squatarola,27903EF7E618A6A2
Pacific Golden Plover,Pluvialis fulva,07C11CF340D2017A
American Golden Plover,Pluvialis dominica,2143A8526CA7C809
Common Ringed Plover,Charadrius hiaticula,EDA37B7C5D4A25ED
Three-banded Plover,Charadrius tricollaris,8DAF86A1D8B83199
Little Ringed Plover,Charadrius dubius,35EC3BBF166AB032
Long-toed Lapwing,Vanellus crassirostris,F7D5320E825FC03E
Blacksmith Lapwing,Vanellus armatus,2F23EDC6558D31B3
Spur-winged Lapwing,Vanellus spinosus,F5E92B225F648330
White-crowned Lapwing,Vanellus albiceps,C4EC6263B0A28B1D
Senegal Lapwing,Vanellus lugubris,42D3918F64D7F33C
Black-winged Lapwing,Vanellus melanopterus,83D95620FFD41D19
Crowned Lapwing,Vanellus coronatus,D0FA8EBE3808F1D8
African Wattled Lapwing,Vanellus senegallus,074251A39ED5AB9D
Caspian Plover,Anarhynchus asiaticus,264D03516760D706
Tibetan Sand Plover,Anarhynchus atrifrons,828D3D5A6AFE2F26
Siberian Sand Plover,Anarhynchus mongolus,66DA1FB3162F3239
Greater Sand Plover,Anarhynchus leschenaultii,98B9C10B606A4FF1
Kittlitz's Plover,Anarhynchus pecuarius,0F0DCC2F28E4E83B
Chestnut-banded Plover,Anarhynchus pallidus,61F0E58174CC7105
White-fronted Plover,Anarhynchus marginatus,214B3533093D7B6B
Greater Painted-snipe,Rostratula benghalensis,7516E6872967C181
Lesser Jacana,Microparra capensis,29B03FAE8294FC87
African Jacana,Actophilornis africanus,D16D486D33F5C4C3
Upland Sandpiper,Bartramia longicauda,BF1DA86E0714FD01
Eurasian Whimbrel,Numenius phaeopus,082F3A63A99AEDD4
Eurasian Curlew,Numenius arquata,3BB5CBA66CF48884
Bar-tailed Godwit,Limosa lapponica,9A684C997C1AF1BA
Black-tailed Godwit,Limosa limosa,454B5CD5F5285B77
Hudsonian Godwit,Limosa haemastica,930139644308C7B7
Asian Dowitcher,Limnodromus semipalmatus,B7E68EC8AB117F6C
Great Snipe,Gallinago media,BCCD5840C7A6D538
African Snipe,Gallinago nigripennis,831FC1471D5DB817
Wilson's Phalarope,Phalaropus tricolor,667C6969D7874433
Red Phalarope,Phalaropus fulicarius,18A1938091EEEA73
Red-necked Phalarope,Phalaropus lobatus,E6F3BA54577746FB
Terek Sandpiper,Xenus cinereus,6D5992EEE12070E8
Common Sandpiper,Actitis hypoleucos,8548B07ECA48773F
Green Sandpiper,Tringa ochropus,A7B17EFC92B53D29
Marsh Sandpiper,Tringa stagnatilis,15CF9352AD0E92DF
Wood Sandpiper,Tringa glareola,8E67DC5F68BDF62C
Common Redshank,Tringa totanus,D6BFC73A3E067711
Lesser Yellowlegs,Tringa flavipes,2C7A2673444BECF0
Spotted Redshank,Tringa erythropus,0895DD84DB3A45D1
Common Greenshank,Tringa nebularia,18B415D28BBF934C
Ruddy Turnstone,Arenaria interpres,DC3050A9771F2CE9
Great Knot,Calidris tenuirostris,09C51FA9A4E5C3E8
Red Knot,Calidris canutus,B5CE8FAD18923A94
Ruff,Calidris pugnax,2DABF98FBEEAB7BB
Broad-billed Sandpiper,Calidris falcinellus,0A14882F5F9F64E6
Sharp-tailed Sandpiper,Calidris acuminata,A0A67A811E53D89F
Curlew Sandpiper,Calidris ferruginea,143A681C9BCE9A20
Temminck's Stint,Calidris temminckii,5ACF7FB313BEF9EA
Long-toed Stint,Calidris subminuta,7D629288C753814E
Red-necked Stint,Calidris ruficollis,BBDF2F1BAC640E4D
Buff-breasted Sandpiper,Calidris subruficollis,3A3C62BC935BDA72
Sanderling,Calidris alba,06B9BD243A756B28
Dunlin,Calidris alpina,15369E8EB4CBD064
Baird's Sandpiper,Calidris bairdii,1F1AD154DAE2E070
Little Stint,Calidris minuta,9936FF4AFB430504
White-rumped Sandpiper,Calidris fuscicollis,153BA3069DFCDDCA
Pectoral Sandpiper,Calidris melanotos,ACC99F35F0E8F7EB
Crab-plover,Dromas ardeola,C3E33FEBDE75219B
Double-banded Courser,Rhinoptilus africanus,C130193B80227278
Bronze-winged Courser,Rhinoptilus chalcopterus,F5145338630C717F
Three-banded Courser,Rhinoptilus cinctus,29D50ED59DD2D381
Temminck's Courser,Cursorius temminckii,7A841F8350F3E1C7
Burchell's Courser,Cursorius rufus,5FBB9662DBF4E6E9
Rock Pratincole,Glareola nuchalis,95820ED140405D1F
Black-winged Pratincole,Glareola nordmanni,E1F6A875C32C042D
Collared Pratincole,Glareola pratincola,D56ABB4EE468E9EF
African Skimmer,Rynchops flavirostris,907B1140134453B4
Black Skimmer,Rynchops niger,88AB027C4DF06D93
Brown Noddy,Anous stolidus,A070171E774B95B5
Lesser Noddy,Anous tenuirostris,03F9EB153E1DD50C
Sooty Tern,Onychoprion fuscatus,3E7F825D03C0DC3E
Bridled Tern,Onychoprion anaethetus,E6518B9D5C802F2A
Little Tern,Sternula albifrons,17310BF0FE9BAC8A
Saunders's Tern,Sternula saundersi,4B21F4D8DBD4F42D
Damara Tern,Sternula balaenarum,9F9A13D8660983DD
Gull-billed Tern,Gelochelidon nilotica,87168739C37AC427
Caspian Tern,Hydroprogne caspia,BC06BC0D1056BC7B
Whiskered Tern,Chlidonias hybrida,7AB4E42B260B5954
Black Tern,Chlidonias niger,115AF02DD58018FB
White-winged Tern,Chlidonias leucopterus,43CAAEE3B0D305D9
Arctic Tern,Sterna paradisaea,BDC5CF80BE6CFC21
Antarctic Tern,Sterna vittata,E9C409B5919B2136
Common Tern,Sterna hirundo,4D2FF6F13790ED7E
White-cheeked Tern,Sterna repressa,CF5C013D4B3FE57D
Black-naped Tern,Sterna sumatrana,9D6704AC5D349A16
Roseate Tern,Sterna dougallii,74236837A4AFD042
Sandwich Tern,Thalasseus sandvicensis,04B49AE78FFF9B68
Elegant Tern,Thalasseus elegans,3F9E1C51FBD48FC1
Lesser Crested Tern,Thalasseus bengalensis,D01CDECDCA736E26
Greater Crested Tern,Thalasseus bergii,526978C4A16D3750
Black-legged Kittiwake,Rissa tridactyla,FB4D08F0837D4683
Sabine's Gull,Xema sabini,86182656472B476B
Slender-billed Gull,Chroicocephalus genei,27CE7132A1848BCD
Black-headed Gull,Chroicocephalus ridibundus,FB02DD9658CC1EC6
Grey-headed Gull,Chroicocephalus cirrocephalus,6EB497FA1859864B
Hartlaub's Gull,Chroicocephalus hartlaubii,5941F453FE720902
Laughing Gull,Leucophaeus atricilla,6CDC3C9C8B50EA71
Franklin's Gull,Leucophaeus pipixcan,57C93A74CBC9863F
Sooty Gull,Ichthyaetus hemprichii,67D43542E9EBE903
Ring-billed Gull,Larus delawarensis,23863F65441680FA
Kelp Gull,Larus dominicanus,E6536E4E904EF414
Lesser Black-backed Gull,Larus fuscus,2D52E3A509137804
Long-tailed Jaeger,Stercorarius longicaudus,1D4464402EC9FD21
Parasitic Jaeger,Stercorarius parasiticus,39086887E9EAFEB3
Pomarine Jaeger,Stercorarius pomarinus,7CB8F5B711DE64D0
Brown Skua,Stercorarius antarcticus,4D5D2BC3F80BD645
South Polar Skua,Stercorarius maccormicki,7D1A9D5CCCDC597C
Red-billed Tropicbird,Phaethon aethereus,7EE005BD2701D129
Red-tailed Tropicbird,Phaethon rubricauda,C412CD623EDA1B28
White-tailed Tropicbird,Phaethon lepturus,1D07B501FEAF0840
King Penguin,Aptenodytes patagonicus,827A77C754AB120E
African Penguin,Spheniscus demersus,9B183BDD66511DD8
Macaroni Penguin,Eudyptes chrysolophus,2C2BC004781E7F20
Northern Rockhopper Penguin,Eudyptes moseleyi,8722DFC2C9CB07B4
Western Rockhopper Penguin,Eudyptes chrysocome,ECEE0622D6435B0C
Wilson's Storm Petrel,Oceanites oceanicus,D295D249BDB7E046
Pincoya Storm Petrel,Oceanites pincoyae,7A8599C20DFFC555
Grey-backed Storm Petrel,Garrodia nereis,F5C74C92648DA267
White-faced Storm Petrel,Pelagodroma marina,E9DF118ED56564A9
White-bellied Storm Petrel,Fregetta grallaria,224E1093DDF013E4
Black-bellied Storm Petrel,Fregetta tropica,ACE8EADE6CE42400
Northern Royal Albatross,Diomedea sanfordi,1A5E5AE7E768F447
Southern Royal Albatross,Diomedea epomophora,4D8C9B9731282B9B
Snowy Albatross,Diomedea exulans,A28D8D38F9A022A4
Tristan Albatross,Diomedea dabbenena,1048BC8A62BE30C0
Amsterdam Albatross,Diomedea amsterdamensis,D93548A7551D1A28
Laysan Albatross,Phoebastria immutabilis,98FB6D4B93E4E0BC
Sooty Albatross,Phoebetria fusca,4976BF1DECACAB86
Light-mantled Albatross,Phoebetria palpebrata,1819ECCEFDD89585
Atlantic Yellow-nosed Albatross,Thalassarche chlororhynchos,EA2FA91827802E23
Indian Yellow-nosed Albatross,Thalassarche carteri,65882F71A03E58EA
Grey-headed Albatross,Thalassarche chrysostoma,0E4475F65B2A8060
Buller's Albatross,Thalassarche bulleri,F79F09E14E0CE6E8
Shy Albatross,Thalassarche cauta,87797B4724F5DC9E
Salvin's Albatross,Thalassarche salvini,25428EB1370F60E8
Chatham Albatross,Thalassarche eremita,253271CBF58312B4
Black-browed Albatross,Thalassarche melanophris,F9CBC9EB6CE43281
European Storm Petrel,Hydrobates pelagicus,E1638A370D09095C
Swinhoe's Storm Petrel,Hydrobates monorhis,80DE86705CC16A9A
Matsudaira's Storm Petrel,Hydrobates matsudairae,6AA236DD9E0781A7
Leach's Storm Petrel,Hydrobates leucorhous,C5FB15C6D112FE91
Southern Giant Petrel,Macronectes giganteus,C1706A8B803AD6EF
Northern Giant Petrel,Macronectes halli,F504C8DE4D185454
Southern Fulmar,Fulmarus glacialoides,10C2881A1F9704A0
Antarctic Petrel,Thalassoica antarctica,535186178E86447B
Pintado Petrel,Daption capense,AAC2D6136C46A743
Snow Petrel,Pagodroma nivea,BB99994354D613F1
Blue Petrel,Halobaena caerulea,68D6A13AE63C762C
Broad-billed Prion,Pachyptila vittata,93860B9B0F951405
Salvin's Prion,Pachyptila salvini,A819451AEDC32DA9
MacGillivray's Prion,Pachyptila macgillivrayi,A8433A5816DE1A28
Antarctic Prion,Pachyptila desolata,105C306C36627D87
Slender-billed Prion,Pachyptila belcheri,0D885A80ADB81674
Fairy Prion,Pachyptila turtur,ED1DDABBD5DB8979
Kerguelen Petrel,Aphrodroma brevirostris,62797BD34F3B0FDF
Great-winged Petrel,Pterodroma macroptera,508E7E59EF3A45EA
White-headed Petrel,Pterodroma lessonii,7C787E7D1F9AC15C
Grey-faced Petrel,Pterodroma gouldi,DF92B7F9C8E55173
Atlantic Petrel,Pterodroma incerta,23865D2512972A80
Soft-plumaged Petrel,Pterodroma mollis,12286A1E6662F54C
Trindade Petrel,Pterodroma arminjoniana,8116523B40EF3745
Barau's Petrel,Pterodroma baraui,D956176F1CC0F3AF
Tahiti Petrel,Pseudobulweria rostrata,FCFBB7D9A628EF5D
Grey Petrel,Procellaria cinerea,843C1B8689E0935F
White-chinned Petrel,Procellaria aequinoctialis,35EB45A0494AEE57
Spectacled Petrel,Procellaria conspicillata,F2ED14C98D3AA6B0
Streaked Shearwater,Calonectris leucomelas,13B165A3056EF798
Cory's Shearwater,Calonectris borealis,710BB4E6D1B2E7FF
Scopoli's Shearwater,Calonectris diomedea,CA4D268D439B2832
Wedge-tailed Shearwater,Ardenna pacifica,E94A7272C71031C6
Sooty Shearwater,Ardenna grisea,1725B07D51A40D6A
Flesh-footed Shearwater,Ardenna carneipes,08F22F8404DCC0D2
Great Shearwater,Ardenna gravis,8B879DFA2AFB1481
Manx Shearwater,Puffinus puffinus,5AEDC00231A5201C
Balearic Shearwater,Puffinus mauretanicus,42F573C742DA4333
Tropical Shearwater,Puffinus bailloni,6DA05B66DC30A0D9
Subantarctic Shearwater,Puffinus elegans,6F4BBFE2ABA8D391
Jouanin's Petrel,Bulweria fallax,F501ED18B26262B3
African Openbill,Anastomus lamelligerus,0F14ECE44F616F74
Marabou Stork,Leptoptilos crumenifer,03C0F97C496962D8
Yellow-billed Stork,Mycteria ibis,4F92C8924C9382AA
Saddle-billed Stork,Ephippiorhynchus senegalensis,3D155653F484B84E
Abdim's Stork,Ciconia abdimii,26CD03193C89F18B
African Woolly-necked Stork,Ciconia microscelis,5157C558FE47A6C9
Black Stork,Ciconia nigra,E2817DAE1B24B31E
White Stork,Ciconia ciconia,28825494A08AFE5A
Lesser Frigatebird,Fregata ariel,09ED7E926715445E
Great Frigatebird,Fregata minor,788EBCAB63213E04
Cape Gannet,Morus capensis,775E93D7FC5685AC
Australasian Gannet,Morus serrator,136103448480BB9C
Red-footed Booby,Sula sula,0A4609D14FC148DF
Brown Booby,Sula leucogaster,05520B42BE95E3ED
Masked Booby,Sula dactylatra,22D1B4A2F0911712
African Darter,Anhinga rufa,5C7936A7E5949CE8
Reed Cormorant,Microcarbo africanus,E255DCE15494936B
Crowned Cormorant,Microcarbo coronatus,446E8F9D1E2E281D
Bank Cormorant,Phalacrocorax neglectus,37D2AC517985FD9F
Cape Cormorant,Phalacrocorax capensis,AE61BF48A7C27563
Great Cormorant,Phalacrocorax carbo,3DF5C587CE3CF1E1
African Sacred Ibis,Threskiornis aethiopicus,550DE745B77C8079
Southern Bald Ibis,Geronticus calvus,645134D31290013B
Hadada Ibis,Bostrychia hagedash,CAFBA217EB0B098C
Glossy Ibis,Plegadis falcinellus,D4540F880A3EC3BB
African Spoonbill,Platalea alba,F86BB1D3818BDB03
Eurasian Bittern,Botaurus stellaris,0F42F11AC607C758
Dwarf Bittern,Botaurus sturmii,87EEBD3E5FE01CA2
Little Bittern,Botaurus minutus,7AAD57ACA1C4ECA9
Black-crowned Night Heron,Nycticorax nycticorax,6BB94D7EA4D041A8
Little Blue Heron,Egretta caerulea,11512CF46992C660
Slaty Egret,Egretta vinaceigula,510E9BFA90AB5263
Black Heron,Egretta ardesiaca,74853F898557A8BD
Snowy Egret,Egretta thula,AA7901D88E7203E5
Little Egret,Egretta garzetta,A6E9EDE55D229ED9
White-backed Night Heron,Calherodius leuconotus,3C12AA44FDEE84C6
Little Heron,Butorides atricapilla,7085B8A0829E3CDC
Rufous-bellied Heron,Ardeola rufiventris,AEB2DA9B7BF26EF4
Squacco Heron,Ardeola ralloides,CE73EBD7A90E9FCF
Malagasy Pond Heron,Ardeola idae,EA2C460AEFF0DF58
Great Egret,Ardea alba,49D9148A171E7F2E
Yellow-billed Egret,Ardea brachyrhyncha,C3ABF8633819B2E7
Western Cattle Egret,Ardea ibis,AB1CB2161CDC177A
Grey Heron,Ardea cinerea,6429024DBA7AB672
Purple Heron,Ardea purpurea,3395DCF1CE3A8C91
Black-headed Heron,Ardea melanocephala,25A648FE397BB822
Goliath Heron,Ardea goliath,C7888A152F4A837D
Hamerkop,Scopus umbretta,FC10F6ED31D29188
Great White Pelican,Pelecanus onocrotalus,8BAFB01E85D7AF4B
Pink-backed Pelican,Pelecanus rufescens,8D24E93CF5DAD3FA
Secretarybird,Sagittarius serpentarius,DCBCCEB89FD9FC3F
Osprey,Pandion haliaetus,1327AC55AA9D579B
Black-winged Kite,Elanus caeruleus,97C47F3E1BA4129A
African Harrier-Hawk,Polyboroides typus,C505EA727A6A51F5
Palm-nut Vulture,Gypohierax angolensis,14885C181A91C21A
Bearded Vulture,Gypaetus barbatus,81DB7410BE70406B
Egyptian Vulture,Neophron percnopterus,6D3480A64B4953CE
African Cuckoo-Hawk,Aviceda cuculoides,648936C0CA95E160
European Honey Buzzard,Pernis apivorus,ED5A7E8F6EDBB78E
Crested Honey Buzzard,Pernis ptilorhynchus,1192205BDCBB11D2
White-headed Vulture,Trigonoceps occipitalis,93D7EC56BA180F9A
Lappet-faced Vulture,Torgos tracheliotos,672EA454429EA6BC
Hooded Vulture,Necrosyrtes monachus,131038ADDA3373B0
White-backed Vulture,Gyps africanus,0419DDC2F668EEE5
Cape Vulture,Gyps coprotheres,F85BEEB442E4D57D
Rüppell's Vulture,Gyps rueppelli,76B512B1EE9B10EC
Bateleur,Terathopius ecaudatus,6CBD872456996F41
Western Banded Snake Eagle,Circaetus cinerascens,4327F813018F6D37
Southern Banded Snake Eagle,Circaetus fasciolatus,9F2839A9F613BFBD
Black-chested Snake Eagle,Circaetus pectoralis,BF553D32D596A4C7
Brown Snake Eagle,Circaetus cinereus,6904D83FD07E202F
Bat Hawk,Macheiramphus alcinus,DAE4C523E252BDDA
Crowned Eagle,Stephanoaetus coronatus,1E3B3515F00E331A
Martial Eagle,Polemaetus bellicosus,FDA2E4A325A048FF
Long-crested Eagle,Lophaetus occipitalis,14B9664A8926D2DB
Lesser Spotted Eagle,Clanga pomarina,C2565B6526591E9A
Wahlberg's Eagle,Hieraaetus wahlbergi,535F3C994BB4A618
Ayres's Hawk-Eagle,Hieraaetus ayresii,7DF004036707FA39
Booted Eagle,Hieraaetus pennatus,4B8CC2853542FFED
Steppe Eagle,Aquila nipalensis,A635F56542EE0C16
Tawny Eagle,Aquila rapax,F6D547B28875698E
African Hawk-Eagle,Aquila spilogaster,9A418C4525EAB2B1
Verreaux's Eagle,Aquila verreauxii,14F13C32872CBA1C
Gabar Goshawk,Micronisus gabar,922DE9C1DF8597F0
Dark Chanting Goshawk,Melierax metabates,D2AFD39BFB907C05
Pale Chanting Goshawk,Melierax canorus,389FFA0941C2CA51
Lizard Buzzard,Kaupifalco monogrammicus,3EEB66EDF52A873B
African Goshawk,Aerospiza tachiro,35A1472C60C23E25
Little Sparrowhawk,Tachyspiza minulla,CE1CF6FD20908CDB
Shikra,Tachyspiza badia,1A0ECB6EDF6DB4B2
Ovambo Sparrowhawk,Accipiter ovampensis,BAE916831E3E9167
Rufous-breasted Sparrowhawk,Accipiter rufiventris,EC0E680F40FF76D9
Black Sparrowhawk,Astur melanoleucus,819AB8230B1E2165
Pallid Harrier,Circus macrourus,22647E26E5C80F2E
Black Harrier,Circus maurus,A41CD4E738856EED
Montagu's Harrier,Circus pygargus,63B6412E23CC0D93
Western Marsh Harrier,Circus aeruginosus,E2A19474E62F83E1
African Marsh Harrier,Circus ranivorus,2A2C169BF24B092E
Black Kite,Milvus migrans,7D34E8B43A3E1937
Yellow-billed Kite,Milvus aegyptius,EE9C6A5ED53A8847
African Fish Eagle,Icthyophaga vocifer,A19B0CF4A0D54658
Red-necked Buzzard,Buteo auguralis,A16C3B99118616DB
Augur Buzzard,Buteo augur,EBDC03AA6B627F9F
Jackal Buzzard,Buteo rufofuscus,220318453A72CAD8
Common Buzzard,Buteo buteo,3C6D4915490BC8CD
Forest Buzzard,Buteo trizonatus,C2AD2E831AC79075
Long-legged Buzzard,Buteo rufinus,CC65921FEBE1BB96
Western Barn Owl,Tyto alba,CFD6F2750CBB4D94
African Grass Owl,Tyto capensis,B21A37E70663C967
Pearl-spotted Owlet,Glaucidium perlatum,70CB00EC44A92A34
African Barred Owlet,Glaucidium capense,77FEB897EBA595B3
African Scops Owl,Otus senegalensis,AE1306449B6781F7
Southern White-faced Owl,Ptilopsis granti,023D6E38C27C9C4E
Marsh Owl,Asio capensis,83E21A8422006EB7
Cape Eagle-Owl,Bubo capensis,3CD0F5355FDFC3EC
Spotted Eagle-Owl,Bubo africanus,DC8CC91D797CFDDB
Verreaux's Eagle-Owl,Ketupa lactea,EBD3129BC40A0706
Pel's Fishing Owl,Scotopelia peli,034B2A6A4933C5F1
African Wood Owl,Strix woodfordii,2E6575A8C8ECAD9B
Speckled Mousebird,Colius striatus,1FDDABDB0D4421F9
White-backed Mousebird,Colius colius,CFDC57C658E7D4CC
Red-faced Mousebird,Urocolius indicus,AB1A85BFE6573DB3
Narina Trogon,Apaloderma narina,7FED570072561CD1
Eurasian Hoopoe,Upupa epops,FA2F91259125A6FA
Green Wood Hoopoe,Phoeniculus purpureus,28CACA8FA9A07018
Common Scimitarbill,Rhinopomastus cyanomelas,B0DD1318B279EC02
Southern Ground Hornbill,Bucorvus leadbeateri,4192DE77F2F73998
Southern Red-billed Hornbill,Tockus rufirostris,73A7F4D02EC91FF6
Southern Yellow-billed Hornbill,Tockus leucomelas,21A15CDEC7EBE498
Crowned Hornbill,Lophoceros alboterminatus,1FDA0172422F03FC
African Grey Hornbill,Lophoceros nasutus,0CCD664DDD5E664B
Trumpeter Hornbill,Bycanistes bucinator,3A4D2B44022BBB52
Purple Roller,Coracias naevius,2624054ED644AABB
Racket-tailed Roller,Coracias spatulatus,BB4563427023FB61
Lilac-breasted Roller,Coracias caudatus,9E9B6EF9A888678F
European Roller,Coracias garrulus,7451A628C39538C5
Broad-billed Roller,Eurystomus glaucurus,4F01F4165EC3954E
Grey-headed Kingfisher,Halcyon leucocephala,178B6892F59B71D3
Brown-hooded Kingfisher,Halcyon albiventris,C5D3CB2AC3AB869B
Striped Kingfisher,Halcyon chelicuti,AB51824BF4194EF8
Woodland Kingfisher,Halcyon senegalensis,47E716710E30AF17
Mangrove Kingfisher,Halcyon senegaloides,1F360691DA52A74F
African Pygmy Kingfisher,Ispidina picta,C0998BB90475C36D
Malachite Kingfisher,Corythornis cristatus,7149F93DEDDD66EE
Half-collared Kingfisher,Alcedo semitorquata,F9F5CAB0C9C9EAD6
Giant Kingfisher,Megaceryle maxima,F51C1C4AB0A3DC7F
Pied Kingfisher,Ceryle rudis,8205077FA2E98715
Swallow-tailed Bee-eater,Merops hirundineus,910E6D864A401F5D
Little Bee-eater,Merops pusillus,C0A68CA01963299C
White-fronted Bee-eater,Merops bullockoides,38507A80740757C7
White-throated Bee-eater,Merops albicollis,03C4A0C92560EB26
Blue-cheeked Bee-eater,Merops persicus,6EE4511347F342C4
Olive Bee-eater,Merops superciliosus,AC89B8FF845CAECF
European Bee-eater,Merops apiaster,66AA3934DBAD18BC
Northern Carmine Bee-eater,Merops nubicus,2125426A394A461F
Southern Carmine Bee-eater,Merops nubicoides,B34CB92A3C051F5D
Crested Barbet,Trachyphonus vaillantii,546FA5F2CFDDBFD8
Green Barbet,Cryptolybia olivacea,4568986F6CAF6577
White-eared Barbet,Stactolaema leucotis,6C81D39B2E8E2C9A
Yellow-rumped Tinkerbird,Pogoniulus bilineatus,7749C92BF444B273
Southern Red-fronted Tinkerbird,Pogoniulus pusillus,073ECE329A0F1CA9
Yellow-fronted Tinkerbird,Pogoniulus chrysoconus,2F4678213A9F0285
Acacia Pied Barbet,Tricholaema leucomelas,7AB16C673817DD22
Black-collared Barbet,Lybius torquatus,8C50CB2DEE12E49E
Brown-backed Honeybird,Prodotiscus regulus,8DB3F1A2C26705B6
Lesser Honeyguide,Indicator minor,50F3668CF1F8A515
Scaly-throated Honeyguide,Indicator variegatus,7EF4C99CE260C5A4
Greater Honeyguide,Indicator indicator,862749B0BC6405DC
Red-throated Wryneck,Jynx ruficollis,93EC5E124D3196A1
Ground Woodpecker,Geocolaptes olivaceus,D1B9D410B7F4A6BB
Bennett's Woodpecker,Campethera bennettii,FD3EA9433BC63EEE
Golden-tailed Woodpecker,Campethera abingoni,CD2F7C98CA158FB0
Knysna Woodpecker,Campethera notata,63BE662157990D54
Bearded Woodpecker,Chloropicus namaquus,77D82F60491DBC67
Cardinal Woodpecker,Dendropicos fuscescens,0A241B8390578710
Olive Woodpecker,Dendropicos griseocephalus,02E004AD11AD22FE
Pygmy Falcon,Polihierax semitorquatus,3B52D2B8E4F83FC8
Lesser Kestrel,Falco naumanni,BECA271F14F77BEE
Rock Kestrel,Falco rupicolus,465E7C9F9CDEBA34
Greater Kestrel,Falco rupicoloides,2E4DAA13B579F58F
Dickinson's Kestrel,Falco dickinsoni,CA34C05A35728140
Red-necked Falcon,Falco chicquera,6A64EFCB88E3D2FC
Red-footed Falcon,Falco vespertinus,997A9437E564FCFE
Amur Falcon,Falco amurensis,E6137E65202F44F8
Eleonora's Falcon,Falco eleonorae,9EA1F12D48EB0120
Sooty Falcon,Falco concolor,BD34FDFDF01C246E
Eurasian Hobby,Falco subbuteo,E91E287A2946B0C9
African Hobby,Falco cuvierii,F56A73BF6465516D
Lanner Falcon,Falco biarmicus,3D3808E38BB61165
Peregrine Falcon,Falco peregrinus,47E5840880DC9FA8
Taita Falcon,Falco fasciinucha,9A4AA945C5262469
Brown-necked Parrot,Poicephalus fuscicollis,0EB10DB3FFAC0449
Cape Parrot,Poicephalus robustus,2F4B17A7FB60AE51
Meyer's Parrot,Poicephalus meyeri,0ECD9D5834601AA4
Brown-headed Parrot,Poicephalus cryptoxanthus,4A03982169A8494D
Rose-ringed Parakeet,Psittacula krameri,6B1CFC3CFA400D78
Rosy-faced Lovebird,Agapornis roseicollis,31C03CB89EC331D6
African Broadbill,Smithornis capensis,9EE216F9B970659F
African Pitta,Pitta angolensis,373286B27BD99C82
Cape Batis,Batis capensis,9E17E8D0447D45E5
Woodwards' Batis,Batis fratrum,B9669030636A906E
Chinspot Batis,Batis molitor,C5C38D98297EE1B1
Pririt Batis,Batis pririt,982B2C3A46A7E799
Black-throated Wattle-eye,Platysteira peltata,16935B444EBD7BDF
Grey-headed Bushshrike,Malaconotus blanchoti,641068BB618346AB
Black-fronted Bushshrike,Chlorophoneus nigrifrons,5CE2F0DC962F2EA2
Olive Bushshrike,Chlorophoneus olivaceus,89A9E67C14D108E1
Orange-breasted Bushshrike,Chlorophoneus sulfureopectus,F3DCCA8F6D1455FC
Gorgeous Bushshrike,Telophorus viridis,ACDC8DEECA339B9E
Bokmakierie,Telophorus zeylonus,D194C523F618B764
Brown-crowned Tchagra,Tchagra australis,4F9D43DE9183C4CA
Southern Tchagra,Tchagra tchagra,2507F6F49B0E370B
Black-crowned Tchagra,Tchagra senegalus,022798AB098C2792
Black-backed Puffback,Dryoscopus cubla,0085572849C153F8
Tropical Boubou,Laniarius major,07F940AAD16D3934
Southern Boubou,Laniarius ferrugineus,2849059DBAD4B453
Crimson-breasted Shrike,Laniarius atrococcineus,9B33F957E5B99367
Brubru,Nilaus afer,967545BC8DF77782
White-crested Helmetshrike,Prionops plumatus,3996ECD05ECD3D30
Retz's Helmetshrike,Prionops retzii,5B9EA71CC92945E0
Chestnut-fronted Helmetshrike,Prionops scopifrons,E27EEDC5103A3CE6
Black-and-white Shrike-flycatcher,Bias musicus,F1A4B9556027A416
White-breasted Cuckooshrike,Ceblepyris pectoralis,6E682612A0FC0D1C
Grey Cuckooshrike,Ceblepyris caesius,C7B05F466D3D022F
Black Cuckooshrike,Campephaga flava,F9031A09313F052D
Black-headed Oriole,Oriolus larvatus,BE62734AE3EDDC3E
African Golden Oriole,Oriolus auratus,D4866EAED4F9772D
Eurasian Golden Oriole,Oriolus oriolus,92A772BBB88868CD
Fork-tailed Drongo,Dicrurus adsimilis,11FE731367CF2483
Square-tailed Drongo,Dicrurus ludwigii,E79026DEAFCD3557
Blue-mantled Crested Flycatcher,Trochocercus cyanomelas,15F017B77422E290
African Paradise Flycatcher,Terpsiphone viridis,75AAC17B33D1156A
Southern White-crowned Shrike,Eurocephalus anguitimens,02C6C2EDA18BF2FB
Magpie Shrike,Lanius melanoleucus,56A7F384E82F5B76
Southern Fiscal,Lanius collaris,FFA65A47112DD7A1
Lesser Grey Shrike,Lanius minor,8852337B06E8A14E
Woodchat Shrike,Lanius senator,7E70D490A6476D16
Isabelline Shrike,Lanius isabellinus,97166F728A7D0E91
Red-backed Shrike,Lanius collurio,F2CEFD1A4EA5F608
Red-tailed Shrike,Lanius phoenicuroides,EE7915A2B3EB856E
House Crow,Corvus splendens,3986890399CA4859
Cape Crow,Corvus capensis,562E17ABB38F9FA6
Pied Crow,Corvus albus,34D538E14AA16E13
White-necked Raven,Corvus albicollis,EA326EA211784390
Cape Rockjumper,Chaetops frenatus,EE344F3D4575CAD3
Drakensberg Rockjumper,Chaetops aurantius,CB9159AFA1043DD9
Fairy Flycatcher,Stenostira scita,D6F5D2243E2CFA75
Southern Black Tit,Melaniparus niger,6EF0803BC72BED02
Ashy Tit,Melaniparus cinerascens,42478D2D51981D66
Grey Tit,Melaniparus afer,3814F5D0A436CF66
Grey Penduline Tit,Anthoscopus caroli,F44BD4BEBFDF1998
Cape Penduline Tit,Anthoscopus minutus,E62393636BC02387
Eastern Nicator,Nicator gularis,7066D2F1B5F1E165
Spike-heeled Lark,Chersomanes albofasciata,D3DAD4C2257113EE
Short-clawed Lark,Certhilauda chuana,3244C2049F4C836E
Karoo Long-billed Lark,Certhilauda subcoronata,69573E9E2B1FC834
Eastern Long-billed Lark,Certhilauda semitorquata,56599D6D79C80E8A
Cape Long-billed Lark,Certhilauda curvirostris,BEC2F8B64768F803
Agulhas Long-billed Lark,Certhilauda brevirostris,A80B0AC071334F8B
Dusky Lark,Pinarocorys nigricans,511C1E5A797CBD71
Black-eared Sparrow-Lark,Eremopterix australis,7391E6336018A995
Chestnut-backed Sparrow-Lark,Eremopterix leucotis,9164F31438BE23C0
Grey-backed Sparrow-Lark,Eremopterix verticalis,86EA668E7E93EF3C
Sabota Lark,Calendulauda sabota,DC38D1DA9277FFD8
Fawn-colored Lark,Calendulauda africanoides,A990EB0B5FCD4F3A
Karoo Lark,Calendulauda albescens,DD338581CBBBCE15
Red Lark,Calendulauda burra,E591A2D70E920429
Dune Lark,Calendulauda erythrochlamys,DDDC78BEE04067A1
Rudd's Lark,Heteromirafra ruddi,2B8E5C63220CDA77
Monotonous Lark,Mirafra passerina,86E9D9F4CAF62C5F
Melodious Lark,Mirafra cheniana,AB507233B804883A
Flappet Lark,Amirafra rufocinnamomea,C49FA9A80205A037
Cape Clapper Lark,Corypha apiata,6E24D50213D3160A
Eastern Clapper Lark,Corypha fasciolata,8A1D5A9C44E93E93
Rufous-naped Lark,Corypha africana,EB9CE6A29AAB9BE0
Sclater's Lark,Spizocorys sclateri,527EE4D41920B41B
Stark's Lark,Spizocorys starki,352A539174F5E785
Botha's Lark,Spizocorys fringillaris,53C0293AE6A9B14F
Pink-billed Lark,Spizocorys conirostris,1E4143F8B2A08B03
Large-billed Lark,Galerida magnirostris,6CC67AB986B32DAF
Red-capped Lark,Calandrella cinerea,FCDA4F09DBE8C52F
Sombre Greenbul,Andropadus importunus,79A45DAFD3A0DD79
Yellow-bellied Greenbul,Chlorocichla flaviventris,D083BB3F92A1CBC0
Terrestrial Brownbul,Phyllastrephus terrestris,07FD1D4CB385D77F
Yellow-streaked Greenbul,Phyllastrephus flavostriatus,3D3432753BB3804F
African Red-eyed Bulbul,Pycnonotus nigricans,9EF3E0791165218D
Common Bulbul,Pycnonotus barbatus,6ABDB63537227774
Cape Bulbul,Pycnonotus capensis,6234824BDA315A6A
Black Saw-wing,Psalidoprocne pristoptera,4AC573709BF24CF7
Grey-rumped Swallow,Pseudhirundo griseopyga,97E7A30B7DD19B11
Mascarene Martin,Phedina borbonica,6C7BEEC6D6D89B83
Banded Martin,Neophedina cincta,1AED683B35F63873
Brown-throated Martin,Riparia paludicola,D285448987FF545B
Sand Martin,Riparia riparia,94A1C447583CB6D2
Large Rock Martin,Ptyonoprogne fuligula,21E0ADE5BBC39F57
Blue Swallow,Hirundo atrocaerulea,CB7FB32A81D4E09A
Pearl-breasted Swallow,Hirundo dimidiata,0E5AB5F0D155162A
Barn Swallow,Hirundo rustica,58C502EA7AF3E023
White-throated Swallow,Hirundo albigularis,E7755BD19436D44C
Wire-tailed Swallow,Hirundo smithii,B79D6B3DD15ECB2B
Western House Martin,Delichon urbicum,30FEC6BE132E1224
Greater Striped Swallow,Cecropis cucullata,3160A9243451C9A2
European Red-rumped Swallow,Cecropis rufula,B4967714063AC2A2
Lesser Striped Swallow,Cecropis abyssinica,5ACC908DEB40DC38
Red-breasted Swallow,Cecropis semirufa,958F4A5E90FEB8C7
Mosque Swallow,Cecropis senegalensis,9185D29DF441336D
South African Cliff Swallow,Petrochelidon spilodera,7D1AE743D8097CD7
Cape Grassbird,Sphenoeacus afer,8EE724E4C61D5CE9
Long-billed Crombec,Sylvietta rufescens,BA12CD7FF819676F
Victorin's Warbler,Cryptillas victorini,E3C554358C780147
Wood Warbler,Phylloscopus sibilatrix,572C4C7FD4322D14
Willow Warbler,Phylloscopus trochilus,88F4B969622B8268
Yellow-throated Woodland Warbler,Phylloscopus ruficapilla,F6B77E644D2F03F2
Two-barred Warbler,Phylloscopus plumbeitarsus,38C788AE632E48DF
Basra Reed Warbler,Acrocephalus griseldis,0D42A2536C5A929A
Lesser Swamp Warbler,Acrocephalus gracilirostris,4AA7817DADA134EB
Great Reed Warbler,Acrocephalus arundinaceus,B283E33243C17D97
Sedge Warbler,Acrocephalus schoenobaenus,FED5AED5C59A00B6
Common Reed Warbler,Acrocephalus scirpaceus,3F0EE4749050AA59
Marsh Warbler,Acrocephalus palustris,B675E006C3745A12
African Yellow Warbler,Iduna natalensis,EBBD09CAC350E07C
Upcher's Warbler,Hippolais languida,B10AD127C9D4DD7C
Olive-tree Warbler,Hippolais olivetorum,791DED180041E350
Icterine Warbler,Hippolais icterina,869C978C8E5840C8
River Warbler,Locustella fluviatilis,2B020CA0ACF13B19
Fan-tailed Grassbird,Catriscus brevirostris,2470FC018F07442F
Knysna Warbler,Bradypterus sylvaticus,D4F0437EF9D01194
Barratt's Warbler,Bradypterus barratti,6A8A913538685FA1
Little Rush Warbler,Bradypterus baboecala,ED9EE88001763FE1
Red-faced Cisticola,Cisticola erythrops,47053A35E59D1965
Rock-loving Cisticola,Cisticola aberrans,AB6AE5817BB40528
Rattling Cisticola,Cisticola chiniana,909FEE8A232D559A
Tinkling Cisticola,Cisticola rufilatus,F7D5C201E6C310AE
Grey-backed Cisticola,Cisticola subruficapilla,B7C5BC8D3748C4E8
Wailing Cisticola,Cisticola lais,5FD105629EB52487
Rufous-winged Cisticola,Cisticola galactotes,D74437DEFA9A85DF
Levaillant's Cisticola,Cisticola tinniens,F936B6807BA2890C
Croaking Cisticola,Cisticola natalensis,FB740D1402C7164C
Neddicky,Cisticola fulvicapilla,8220168FC169C9C2
Zitting Cisticola,Cisticola juncidis,AEE2063F66AE0C70
Desert Cisticola,Cisticola aridulus,A2C88219118B6016
Cloud Cisticola,Cisticola textrix,F9FA8D6B746E9BDA
Pale-crowned Cisticola,Cisticola cinnamomeus,6F16548741ED2A45
Wing-snapping Cisticola,Cisticola ayresii,78573BB20387CB6A
Tawny-flanked Prinia,Prinia subflava,63F72CA7A9412F97
Black-chested Prinia,Prinia flavicans,10988568F881585C
Karoo Prinia,Prinia maculosa,4CDA27A3BE333642
Drakensberg Prinia,Prinia hypoxantha,36261312F3CB558A
Namaqua Warbler,Phragmacia substriata,23670191AE8AF6B6
Bar-throated Apalis,Apalis thoracica,B285E2B0BD189E72
Rudd's Apalis,Apalis ruddi,32947D9CC3E355B0
Yellow-breasted Apalis,Apalis flavida,EADB231436A2B748
Rufous-eared Warbler,Malcorus pectoralis,A1CA4EB214805CF2
Grey-backed Camaroptera,Camaroptera brevicaudata,4183643D1CF0D956
Green-backed Camaroptera,Camaroptera brachyura,9DACBD080E671EA5
Stierling's Wren-Warbler,Calamonastes stierlingi,13F7A4F9EB7E44BC
Barred Wren-Warbler,Calamonastes fasciolatus,A3265EBB75AF1BDD
Cinnamon-breasted Warbler,Euryptila subcinnamomea,216F11D68C36CF6D
Yellow-bellied Eremomela,Eremomela icteropygialis,183E7FD0E47FD115
Green-capped Eremomela,Eremomela scotops,0394BA0BB7A77C00
Karoo Eremomela,Eremomela gregalis,728CFC23E09EF222
Burnt-necked Eremomela,Eremomela usticollis,35C0145BCB971E6B
Eurasian Blackcap,Sylvia atricapilla,61F9065BE0965E1A
Garden Warbler,Sylvia borin,A6A4FC63261EA8CD
Bush Blackcap,Sylvia nigricapillus,015542EDB76ED7DA
Barred Warbler,Curruca nisoria,1EA60B94FAFE0C5C
Layard's Warbler,Curruca layardi,697DE8A65C162A62
Chestnut-vented Warbler,Curruca subcoerulea,C39D67AD46C75A9F
Lesser Whitethroat,Curruca curruca,0DCD05BE8EE35C8D
Common Whitethroat,Curruca communis,14AFBA82D556918C
Orange River White-eye,Zosterops pallidus,6AA908039D0702A3
Cape White-eye,Zosterops virens,19469B669030F0BB
Southern Yellow White-eye,Zosterops anderssoni,ABDC4E76CE241149
Arrow-marked Babbler,Turdoides jardineii,E6576A8DA960B056
Southern Pied Babbler,Turdoides bicolor,1481EF1F2969E749
Cape Sugarbird,Promerops cafer,AEE0955237530F41
Gurney's Sugarbird,Promerops gurneyi,EDEE3E5C3687A2B7
Southern Hyliota,Hyliota australis,F840409EF79DC217
African Spotted Creeper,Salpornis salvadori,A51A5F84F844E1CA
Common Myna,Acridotheres tristis,F23A2F3807A8145F
Rosy Starling,Pastor roseus,24208346AD77666E
Common Starling,Sturnus vulgaris,94A4403295E2D9BE
Wattled Starling,Creatophora cinerea,9D95139B2E871FE1
Black-bellied Starling,Notopholia corusca,40781028CEBB2944
Cape Starling,Lamprotornis nitens,57BBB7F161268D8F
Greater Blue-eared Starling,Lamprotornis chalybaeus,7DDB347EDFED5A66
Lesser Blue-eared Starling,Lamprotornis chloropterus,0AA15ACA2E568BF3
Meves's Starling,Lamprotornis mevesii,69598630C935A7A2
Burchell's Starling,Lamprotornis australis,996AF595E650454A
Pied Starling,Lamprotornis bicolor,C244BE28A4AE62F8
Violet-backed Starling,Cinnyricinclus leucogaster,B1A3AF6C3BF7EDFF
Red-winged Starling,Onychognathus morio,508D5CA25860C6F3
Pale-winged Starling,Onychognathus nabouroup,975D0D5D6229502F
Yellow-billed Oxpecker,Buphagus africanus,5D970425ECEC77BD
Red-billed Oxpecker,Buphagus erythrorynchus,7471E71D4A122CE3
Boulder Chat,Pinarornis plumosus,ECCFBEB52448BE52
Spotted Ground Thrush,Geokichla guttata,60A39CF981A69BEC
Orange Ground Thrush,Geokichla gurneyi,45C55FDEE3D22D9A
Groundscraper Thrush,Turdus litsitsirupa,8C5759C588A5C7CA
Olive Thrush,Turdus olivaceus,3A7D7B077472314A
Kurrichane Thrush,Turdus libonyana,5D12DEA51E8C1CDE
Karoo Thrush,Turdus smithi,0816917DCA88EF91
Karoo Scrub Robin,Tychaedon coryphoeus,B796DBCB37515BFE
Brown Scrub Robin,Tychaedon signata,231FD09E76D3FD19
Bearded Scrub Robin,Tychaedon quadrivirgata,929089268E68C0EC
Kalahari Scrub Robin,Cercotrichas paena,C1EF69402F5F515F
Rufous-tailed Scrub Robin,Cercotrichas galactotes,B68BD0D25647A5D2
White-browed Scrub Robin,Cercotrichas leucophrys,B5B6EC7BD589484E
Pale Flycatcher,Agricola pallidus,FA03A965234ED42B
Chat Flycatcher,Agricola infuscatus,6E8F3B306C734F46
Grey Tit-Flycatcher,Fraseria plumbea,5EA2B90CDEE50BB3
Ashy Flycatcher,Fraseria caerulescens,3B3A6911F98DC3F3
Southern Black Flycatcher,Melaenornis pammelaina,8A9A7AAA63BEE031
Fiscal Flycatcher,Sigelus silens,FD391374B65FFC53
Marico Flycatcher,Bradornis mariquensis,561780A5BD90A728
African Dusky Flycatcher,Muscicapa adusta,6E95C4A9B92FC8BB
Spotted Flycatcher,Muscicapa striata,B142856F2E302228
White-starred Robin,Pogonocichla stellata,230A034233A80DAE
White-browed Robin-Chat,Cossypha heuglini,16BD42DD6563712A
Chorister Robin-Chat,Cossypha dichroa,68C542925D0441DE
Red-capped Robin-Chat,Cossypha natalensis,3846F8A8B94E134B
Collared Palm Thrush,Cichladusa arquata,A0A3B03DD1A66C4A
White-throated Robin-Chat,Dessonornis humeralis,94932CDC91005823
Cape Robin-Chat,Dessonornis caffer,A38BABE18155945C
White-throated Robin,Irania gutturalis,73BD4B293448BBD5
Thrush Nightingale,Luscinia luscinia,6EC667529FB53E43
European Pied Flycatcher,Ficedula hypoleuca,6E352E1870A195B7
Collared Flycatcher,Ficedula albicollis,0B2F80584ED0F07E
Common Redstart,Phoenicurus phoenicurus,06DD9D954313582E
Short-toed Rock Thrush,Monticola brevipes,A20D777F0ADD69C8
Sentinel Rock Thrush,Monticola explorator,CCC257D0B053470A
Cape Rock Thrush,Monticola rupestris,22E11A7D0F545386
Whinchat,Saxicola rubetra,A0EDAEA2E89A9A96
African Stonechat,Saxicola torquatus,CF2E967489666AEA
Buff-streaked Chat,Campicoloides bifasciatus,916C5AEDB149032C
Karoo Chat,Emarginata schlegelii,EA459C8CAEEC6184
Tractrac Chat,Emarginata tractrac,17DEACEDF386F93B
Sickle-winged Chat,Emarginata sinuata,BF0859C554E90FEC
Mocking Cliff Chat,Thamnolaea cinnamomeiventris,F8B6EC31BBF4312F
Ant-eating Chat,Myrmecocichla formicivora,400A83B9AE890813
Mountain Chat,Myrmecocichla monticola,3B26A7B2C2491A7D
Ruaha Chat,Myrmecocichla collaris,E172D2DD7A2DA38C
Arnot's Chat,Myrmecocichla arnotti,AC5FC9B9386B54D3
Northern Wheatear,Oenanthe oenanthe,DF526047637004DD
Capped Wheatear,Oenanthe pileata,E6BD3258C5A1C3F8
Pied Wheatear,Oenanthe pleschanka,2FB34D83F74FCEAB
Familiar Chat,Oenanthe familiaris,CD8DEBE3BEA126E7
Plain-backed Sunbird,Anthreptes reichenowi,67F06823660BB33E
Collared Sunbird,Hedydipna collaris,1611F295EC75FB50
Orange-breasted Sunbird,Anthobaphes violacea,02B06535ED81BE6E
Olive Sunbird,Cyanomitra olivacea,EE79A5EF104F6FF1
Grey Sunbird,Cyanomitra veroxii,C1CBA33A8C3FE530
Amethyst Sunbird,Chalcomitra amethystina,B022292CE9F1414D
Scarlet-chested Sunbird,Chalcomitra senegalensis,0059A2E0EAFC6106
Malachite Sunbird,Nectarinia famosa,26F278946C87F037
Southern Double-collared Sunbird,Cinnyris chalybeus,679F9748AF8B2F07
Neergaard's Sunbird,Cinnyris neergaardi,942E8A937853AE35
Greater Double-collared Sunbird,Cinnyris afer,E47FCBF70B5A84B2
Marico Sunbird,Cinnyris mariquensis,5AC9F7371DF94B3C
Purple-banded Sunbird,Cinnyris bifasciatus,71C72002F8130AFC
White-bellied Sunbird,Cinnyris talatala,8D3818DBCA5A95E0
Variable Sunbird,Cinnyris venustus,8E9E45B501CC5280
Dusky Sunbird,Cinnyris fuscus,427683B4598982A0
Yellow-throated Bush Sparrow,Gymnoris superciliaris,E323BF95AE00D374
Cape Sparrow,Passer melanurus,DEE88DF6316BE0F4
Great Sparrow,Passer motitensis,3E2EFDA6855648D2
Southern Grey-headed Sparrow,Passer diffusus,7EB3ECC47BE516C6
House Sparrow,Passer domesticus,240E33900CE34D44
Red-billed Buffalo Weaver,Bubalornis niger,9EB5363878463D97
White-browed Sparrow-Weaver,Plocepasser mahali,94C71DF619A51A4F
Sociable Weaver,Philetairus socius,7799DC8B0CEAA782
Scaly-feathered Weaver,Sporopipes squamifrons,49802951A44C8BEC
Thick-billed Weaver,Amblyospiza albifrons,C7708C7028C1BE64
Spectacled Weaver,Ploceus ocularis,CA4839B201A218C9
Cape Weaver,Ploceus capensis,9526D2F3C992CD6F
Eastern Golden Weaver,Ploceus subaureus,86BEAFA69099B36B
Holub's Golden Weaver,Ploceus xanthops,2D86B0D2D20C32F4
Southern Brown-throated Weaver,Ploceus xanthopterus,E72166BDAD88B138
Lesser Masked Weaver,Ploceus intermedius,E069A0BB844E9636
Southern Masked Weaver,Ploceus velatus,A36C50499FFCA11D
Village Weaver,Ploceus cucullatus,E8AA9E1CBACD66A4
Chestnut Weaver,Ploceus rubiginosus,01BFAE613EBF85A3
Dark-backed Weaver,Ploceus bicolor,7031228660FD7F1A
Red-headed Weaver,Anaplectes rubriceps,4D19099B8FAD39D6
Red-headed Quelea,Quelea erythrops,F8041931EBD03502
Red-billed Quelea,Quelea quelea,2B6DE1366B1D557C
Yellow-crowned Bishop,Euplectes afer,4A58452BCE614FD1
Southern Red Bishop,Euplectes orix,95F08BC3D30A9869
Yellow Bishop,Euplectes capensis,97A73D9F336B6C67
Fan-tailed Widowbird,Euplectes axillaris,B08FF959CC07AA01
White-winged Widowbird,Euplectes albonotatus,749E7B3C09117C57
Red-collared Widowbird,Euplectes ardens,26618AA16E6FED3B
Long-tailed Widowbird,Euplectes progne,3153FE22CA9CA8C0
Bronze Mannikin,Spermestes cucullata,142E4CB7E5788254
Magpie Mannikin,Spermestes fringilloides,64E386FEE1A4C4D8
Black-and-white Mannikin,Spermestes bicolor,E358EC8A2D20DC4F
Swee Waxbill,Coccopygia melanotis,7CB6CE7B0EBE998B
Green Twinspot,Mandingoa nitidula,1A6B766AB53BFF02
Black-faced Waxbill,Brunhilda erythronotos,842FF43C77B64EB7
Grey Waxbill,Glaucestrilda perreini,BC75EA9A9D9E6AB5
Common Waxbill,Estrilda astrild,61CB98C064F82462
Quailfinch,Ortygospiza atricollis,8E5252EB01223193
Cut-throat Finch,Amadina fasciata,CDDA63E0BAB534BA
Red-headed Finch,Amadina erythrocephala,13BE59E4DC8BE9C4
Orange-breasted Waxbill,Amandava subflava,ECC40D44CF305866
Violet-eared Waxbill,Granatina granatina,E247988F861A8484
Blue Waxbill,Uraeginthus angolensis,B40A6BCD3FDBCAB3
Green-winged Pytilia,Pytilia melba,01A3BE3CBE9C7B39
Orange-winged Pytilia,Pytilia afra,6A1ED1C28AC69386
Red-throated Twinspot,Hypargos niveoguttatus,5049052001F0259D
Pink-throated Twinspot,Hypargos margaritatus,7970DC5FB79314BE
Red-billed Firefinch,Lagonosticta senegala,B4A4E4BF42395ED1
African Firefinch,Lagonosticta rubricata,A6034D7F44F99D2B
Jameson's Firefinch,Lagonosticta rhodopareia,871F32D9B5572594
Village Indigobird,Vidua chalybeata,BA01A7936C97FEB2
Purple Indigobird,Vidua purpurascens,2AA13F1D4F68FBCC
Dusky Indigobird,Vidua funerea,49EF965768A24A49
Pin-tailed Whydah,Vidua macroura,673E66F0FA0E3817
Shaft-tailed Whydah,Vidua regia,019E8CA34D7530F0
Long-tailed Paradise Whydah,Vidua paradisaea,ACF0F1A2EFF03D54
Broad-tailed Paradise Whydah,Vidua obtusa,C1A42CCAF4909D1B
Cuckoo-finch,Anomalospiza imberbis,C97A5C393EA6FC03
Western Yellow Wagtail,Motacilla flava,5983D6776C4C4F85
Citrine Wagtail,Motacilla citreola,5B0295C122B63ED3
Cape Wagtail,Motacilla capensis,4F2CC2933B4262F0
Grey Wagtail,Motacilla cinerea,AE073221679039C2
Mountain Wagtail,Motacilla clara,747B3A52F2260C65
White Wagtail,Motacilla alba,400E032C4624AA36
African Pied Wagtail,Motacilla aguimp,CE7D41A6447BCC86
Golden Pipit,Tmetothylacus tenellus,B9104F62AA0DF5B2
Cape Longclaw,Macronyx capensis,CA742F9D181C4F88
Yellow-throated Longclaw,Macronyx croceus,0D9BFED179B45DB3
Rosy-throated Longclaw,Macronyx ameliae,70129CB13FEB7B4B
African Pipit,Anthus cinnamomeus,0D7CC717D80839FA
Mountain Pipit,Anthus hoeschi,B855F1E4C853554E
Nicholson's Pipit,Anthus nicholsoni,3A1FA0A7C9179D3D
Buffy Pipit,Anthus vaalensis,3BC778CE7FA76718
Plain-backed Pipit,Anthus leucophrys,ECC3F122FD09C14F
Tree Pipit,Anthus trivialis,365F5E975B414FE6
Red-throated Pipit,Anthus cervinus,319D044A667563CD
Striped Pipit,Anthus lineiventris,C69E0E281949BB8E
African Rock Pipit,Anthus crenatus,56CB3F84F8258AEA
Short-tailed Pipit,Anthus brachyurus,E6629C69D319544F
Bushveld Pipit,Anthus caffer,4C7B3D81B7D98AF1
Yellow-breasted Pipit,Anthus chloris,71F12B235671E1B4
Eurasian Chaffinch,Fringilla coelebs,6364E4A53B9D5D99
Forest Canary,Crithagra scotops,994D87C2935D219C
Black-throated Canary,Crithagra atrogularis,D12CDD0F5532A21F
Lemon-breasted Canary,Crithagra citrinipectus,238953D99A6041A7
Yellow-fronted Canary,Crithagra mozambica,169B483CCAD8551B
Cape Siskin,Crithagra totta,0B5B5E289961A5C9
Drakensberg Siskin,Crithagra symonsi,875794B976935B57
Yellow Canary,Crithagra flaviventris,4746346C0649756A
Brimstone Canary,Crithagra sulphurata,53A5E91F9C2D694E
Streaky-headed Seedeater,Crithagra gularis,12E75955D70B84FD
Black-eared Seedeater,Crithagra mennelli,D545442681834535
White-throated Canary,Crithagra albogularis,294A70CC89F70FEB
Protea Canary,Crithagra leucoptera,D403BDAFC9AB3134
Cape Canary,Serinus canicollis,E6C3FA67AA9A41D5
Black-headed Canary,Serinus alario,CA9E354B01084F34
Ortolan Bunting,Emberiza hortulana,4721056132879EB7
Lark-like Bunting,Emberiza impetuani,6D102D726F2C2419
Cinnamon-breasted Bunting,Emberiza tahapisi,0C571D9937B110C8
Cape Bunting,Emberiza capensis,DE27F1FA0109531C
Golden-breasted Bunting,Emberiza flaviventris,D1C1A026CBAF7707
